MolWt,ExactMolWt,LogP,TPSA,LabuteASA,NumHAcceptors,NumHDonors,NumRotatableBonds,NumAromaticRings,NumRings,HeavyAtomCount,NumBonds,NumHydroxyl,NumEster,NumEther,NumCO,BalabanJ,BertzCT,Chi0,Chi1,Kappa1,NumDisulfide,NumBenzene,NumFuran,Cat_MolWt,Cat_LogP,Cat_TPSA,Cat_NumHAcceptors,Cat_NumHDonors,Cat_NumRotatableBonds,Cat_NumRings,Cat_Kappa1,Cat_Chi1,Cat_NumMetalAtoms,Cat_NumN,Cat_CoordinationPotential,Ratio_B,Polarity_Diff_AB,LogP_Diff_AB,MolWt_sqrt,ExactMolWt_sqrt,LogP_sqrt,TPSA_sqrt,LabuteASA_sqrt,NumHAcceptors_sqrt,NumHDonors_sqrt,NumRotatableBonds_sqrt,NumAromaticRings_sqrt,NumRings_sqrt,HeavyAtomCount_sqrt,NumBonds_sqrt,NumHydroxyl_sqrt,NumEster_sqrt,NumEther_sqrt,NumCO_sqrt,BertzCT_sqrt,Chi0_sqrt,Chi1_sqrt,Kappa1_sqrt,NumBenzene_sqrt,NumFuran_sqrt,Cat_MolWt_sqrt,Cat_LogP_sqrt,Cat_TPSA_sqrt,Cat_NumHAcceptors_sqrt,Cat_NumHDonors_sqrt,Cat_NumRotatableBonds_sqrt,Cat_NumRings_sqrt,Cat_Kappa1_sqrt,Cat_NumMetalAtoms_sqrt,Cat_NumN_sqrt,Cat_CoordinationPotential_sqrt,Ratio_A_sqrt,Ratio_B_sqrt,Polarity_Diff_AB_sqrt,LogP_Diff_AB_sqrt,MolWt_squared,ExactMolWt_squared,LogP_squared,TPSA_squared,LabuteASA_squared,NumHAcceptors_squared,NumHDonors_squared,NumRotatableBonds_squared,NumAromaticRings_squared,NumRings_squared,HeavyAtomCount_squared,NumBonds_squared,NumHydroxyl_squared,NumEster_squared,NumEther_squared,NumCO_squared,BalabanJ_squared,BertzCT_squared,Chi0_squared,Chi1_squared,Kappa1_squared,NumDisulfide_squared,NumBenzene_squared,NumFuran_squared,Cat_MolWt_squared,Cat_LogP_squared,Cat_TPSA_squared,Cat_NumHAcceptors_squared,Cat_NumHDonors_squared,Cat_NumRotatableBonds_squared,Cat_NumRings_squared,Cat_Kappa1_squared,Cat_Chi1_squared,Cat_NumMetalAtoms_squared,Cat_NumN_squared,Cat_CoordinationPotential_squared,Polarity_Diff_AB_squared,LogP_Diff_AB_squared
424.538285714286,424.1450232525722,1.4616000000000036,112.59428571428568,209.61169390490863,10.0,1.7142857142857142,19.0,0.5714285714285714,0.5714285714285714,27.42857142857143,56.14285714285714,1.7142857142857142,2.571428571428571,2.571428571428571,2.571428571428571,5.835633849202085,1539.5774937765143,45.94584610030945,24.42702036021545,5.498211265993213,0.8571428571428571,0.0,0.5714285714285714,139.20200000000003,0.0413999999999999,27.63,3.0,1.0,0.0,2.0,6.011043433905771,4.9663264951887856,0.0,3.0,3.0,0.2857142857142857,96.29999999999995,1.392499999999994,20.604326868752253,20.59478145678347,1.2089665008179522,10.611045458124552,14.47797271391988,3.162277660184191,1.3093073414541423,4.358898943552144,0.7559289460845983,0.7559289460845983,5.237229365673365,7.492853738260019,1.3093073414541423,1.6035674515057268,1.6035674515057268,1.6035674515057268,39.23745014366523,6.778336529002485,4.942369913342732,2.3448264895495385,1e-05,0.7559289460845983,11.798389720639847,0.2034698997394944,5.256424640390081,1.7320508075977448,1.00000000005,1e-05,1.4142135624084504,2.451742937994473,1e-05,1.7320508075977448,1.7320508075977448,0.5345224839183902,0.5345224839183902,9.813256340282768,1.1800423721629636,180232.75603722475,179899.00074992498,2.1362745600000106,12677.473175510195,43937.06222168511,100.0,2.9387755102040813,361.0,0.32653061224489793,0.32653061224489793,752.326530612245,3152.020408163265,2.9387755102040813,6.612244897959182,6.612244897959182,6.612244897959182,34.05462242195315,2370298.859343173,2111.0207738733216,596.6793236783802,30.230327125494686,0.7346938775510203,0.0,0.32653061224489793,19377.196804000007,0.0017139599999999918,763.4168999999999,9.0,1.0,0.0,4.0,36.13264316430168,24.664398856814127,0.0,9.0,9.0,9273.689999999991,1.9390562499999835
447.4200000000003,447.0096560377151,1.7998285714285742,116.34857142857142,220.9934789292541,10.285714285714285,1.7142857142857142,19.57142857142857,0.8571428571428571,0.8571428571428571,29.142857142857142,59.28571428571428,1.7142857142857142,2.571428571428571,2.571428571428571,2.571428571428571,5.353975464039928,1696.6477185129525,48.09341977400804,25.726605328357337,5.889465103819234,0.8571428571428571,0.0,0.8571428571428571,139.20200000000003,0.0413999999999999,27.63,3.0,1.0,0.0,2.0,6.011043433905771,4.9663264951887856,0.0,3.0,3.0,0.2857142857142857,109.43999999999996,0.2086999999999962,21.1523048389555,21.142602868091124,1.3415768973594373,10.786499498385536,14.865849418359991,3.2071349029646825,1.3093073414541423,4.4239607334975934,0.9258200998265577,0.9258200998265577,5.398412465063886,7.699721701841845,1.3093073414541423,1.6035674515057268,1.6035674515057268,1.6035674515057268,41.1903838111889,6.9349419445376785,5.072140113251736,2.42682201735505,1e-05,0.9258200998265577,11.798389720639847,0.2034698997394944,5.256424640390081,1.7320508075977448,1.00000000005,1e-05,1.4142135624084504,2.451742937994473,1e-05,1.7320508075977448,1.7320508075977448,0.5345224839183902,0.5345224839183902,10.461357464502393,0.4568369513294609,200184.65640000027,199817.63259095637,3.2393828865306222,13536.990073469386,48838.11772925468,105.79591836734691,2.9387755102040813,383.04081632653055,0.7346938775510203,0.7346938775510203,849.3061224489795,3514.795918367346,2.9387755102040813,6.612244897959182,6.612244897959182,6.612244897959182,28.665053269541566,2878613.4807352065,2312.977025558948,661.8582217210641,34.685799209104495,0.7346938775510203,0.0,0.7346938775510203,19377.196804000007,0.0017139599999999918,763.4168999999999,9.0,1.0,0.0,4.0,36.13264316430168,24.664398856814127,0.0,9.0,9.0,11977.11359999999,0.04355568999999841
451.4277142857146,451.0141274845722,1.960114285714288,116.34857142857142,223.61487410489195,10.285714285714285,1.7142857142857142,19.857142857142858,0.8571428571428571,0.8571428571428571,29.42857142857143,60.14285714285714,1.7142857142857142,2.571428571428571,2.571428571428571,2.571428571428571,5.395322033510968,1727.2465489562098,48.80770548829376,26.08374818550019,5.899534248385148,0.8571428571428571,0.0,0.8571428571428571,139.20200000000003,0.0413999999999999,27.63,3.0,1.0,0.0,2.0,6.011043433905771,4.9663264951887856,0.0,3.0,3.0,0.2857142857142857,109.43999999999996,0.3523000000000016,21.246828334737742,21.237093197626464,1.400040815767272,10.786499498385536,14.953757858979525,3.2071349029646825,1.3093073414541423,4.456135417291855,0.9258200998265577,0.9258200998265577,5.424810727451367,7.75518259894357,1.3093073414541423,1.6035674515057268,1.6035674515057268,1.6035674515057268,41.56015578599664,6.986251175587216,5.107225096429586,2.4288956849739654,1e-05,0.9258200998265577,11.798389720639847,0.2034698997394944,5.256424640390081,1.7320508075977448,1.00000000005,1e-05,1.4142135624084504,2.451742937994473,1e-05,1.7320508075977448,1.7320508075977448,0.5345224839183902,0.5345224839183902,10.461357464502393,0.5935486501543085,203786.9812252248,203413.74319066995,3.842048013061233,13536.990073469386,50003.61192094668,105.79591836734691,2.9387755102040813,394.30612244897964,0.7346938775510203,0.7346938775510203,866.0408163265307,3617.163265306122,2.9387755102040813,6.612244897959182,6.612244897959182,6.612244897959182,29.10949984528893,2983380.6408811365,2382.1921150320213,680.3619194045846,34.80450434786931,0.7346938775510203,0.0,0.7346938775510203,19377.196804000007,0.0017139599999999918,763.4168999999999,9.0,1.0,0.0,4.0,36.13264316430168,24.664398856814127,0.0,9.0,9.0,11977.11359999999,0.12411529000000114
455.4354285714289,455.0185989314293,2.009857142857145,116.34857142857142,226.2362692805297,10.285714285714285,1.7142857142857142,20.142857142857142,0.8571428571428571,0.8571428571428571,29.714285714285715,61.0,1.7142857142857142,2.571428571428571,2.571428571428571,2.571428571428571,5.4377650768070325,1752.268599288976,49.52199120257947,26.44089104264305,5.911144441536496,0.8571428571428571,0.0,0.8571428571428571,139.20200000000003,0.0413999999999999,27.63,3.0,1.0,0.0,2.0,6.011043433905771,4.9663264951887856,0.0,3.0,3.0,0.2857142857142857,109.43999999999996,0.5264000000000026,21.340933170120017,21.331164968925847,1.4176943051861164,10.786499498385536,15.0411525250105,3.2071349029646825,1.3093073414541423,4.488079449269714,0.9258200998265577,0.9258200998265577,5.451081150963147,7.810249675913056,1.3093073414541423,1.6035674515057268,1.6035674515057268,1.6035674515057268,41.86010749256476,7.03718631291509,5.142070696007888,2.4312845250271504,1e-05,0.9258200998265577,11.798389720639847,0.2034698997394944,5.256424640390081,1.7320508075977448,1.00000000005,1e-05,1.4142135624084504,2.451742937994473,1e-05,1.7320508075977448,1.7320508075977448,0.5345224839183902,0.5345224839183902,10.461357464502393,0.7255342859575987,207421.42959804108,207041.92537352093,4.039525734693886,13536.990073469386,51182.84953797235,105.79591836734691,2.9387755102040813,405.734693877551,0.7346938775510203,0.7346938775510203,882.9387755102041,3721.0,2.9387755102040813,6.612244897959182,6.612244897959182,6.612244897959182,29.56928903054219,3070445.24405415,2452.4276126683585,699.1207191289215,34.941628608707816,0.7346938775510203,0.0,0.7346938775510203,19377.196804000007,0.0017139599999999918,763.4168999999999,9.0,1.0,0.0,4.0,36.13264316430168,24.664398856814127,0.0,9.0,9.0,11977.11359999999,0.2770969600000028
445.1411428571431,444.72684768342936,2.034914285714288,108.84,221.47389528441212,9.714285714285714,1.7142857142857142,19.0,0.8571428571428571,0.8571428571428571,29.142857142857142,59.28571428571428,1.7142857142857142,2.571428571428571,2.571428571428571,2.571428571428571,5.3999782197008805,1705.5306044247343,48.06347334954673,25.780426483554614,5.8313235087174125,0.8571428571428571,0.5714285714285714,0.2857142857142857,139.20200000000003,0.0413999999999999,27.63,3.0,1.0,0.0,2.0,6.011043433905771,4.9663264951887856,0.0,3.0,3.0,0.2857142857142857,83.15999999999997,0.6141000000000014,21.098368251057785,21.088547785078262,1.4265042186458083,10.432641084600773,14.881999035227496,3.1167748899119605,1.3093073414541423,4.358898943552144,0.9258200998265577,0.9258200998265577,5.398412465063886,7.699721701841845,1.3093073414541423,1.6035674515057268,1.6035674515057268,1.6035674515057268,41.29807022640204,6.932782511347571,5.077442907966038,2.4148133486498313,0.7559289460845983,0.5345224839183902,11.798389720639847,0.2034698997394944,5.256424640390081,1.7320508075977448,1.00000000005,1e-05,1.4142135624084504,2.451742937994473,1e-05,1.7320508075977448,1.7320508075977448,0.5345224839183902,0.5345224839183902,9.119210492147879,0.7836453280024078,198150.6370641635,197781.96905044018,4.1408761502040905,11846.145600000002,49050.686292450744,94.3673469387755,2.9387755102040813,361.0,0.7346938775510203,0.7346938775510203,849.3061224489795,3514.795918367346,2.9387755102040813,6.612244897959182,6.612244897959182,6.612244897959182,29.159764773243893,2908834.6426293994,2310.097470422589,664.6303896739641,34.004333863320355,0.7346938775510203,0.32653061224489793,0.08163265306122448,19377.196804000007,0.0017139599999999918,763.4168999999999,9.0,1.0,0.0,4.0,36.13264316430168,24.664398856814127,0.0,9.0,9.0,6915.585599999995,0.37711881000000175
433.398285714286,433.0006176160007,1.5276571428571462,116.94285714285712,213.1080280201585,10.285714285714285,1.7142857142857142,19.57142857142857,0.5714285714285714,0.5714285714285714,28.0,57.0,1.7142857142857142,2.571428571428571,2.571428571428571,2.571428571428571,5.634828541780994,1551.9258341758482,46.6135213269333,24.78688122421369,5.69361699405081,0.8571428571428571,0.0,0.5714285714285714,139.20200000000003,0.0413999999999999,27.63,3.0,1.0,0.0,2.0,6.011043433905771,4.9663264951887856,0.0,3.0,3.0,0.2857142857142857,81.07999999999996,1.6236999999999937,20.818220041934083,20.808666887047345,1.2359842810315778,10.814012074293109,14.598220029176794,3.2071349029646825,1.3093073414541423,4.4239607334975934,0.7559289460845983,0.7559289460845983,5.29150262213863,7.549834435277372,1.3093073414541423,1.6035674515057268,1.6035674515057268,1.6035674515057268,39.39448989612568,6.827409561981272,4.978642508185709,2.386130129341401,1e-05,0.7559289460845983,11.798389720639847,0.2034698997394944,5.256424640390081,1.7320508075977448,1.00000000005,1e-05,1.4142135624084504,2.451742937994473,1e-05,1.7320508075977448,1.7320508075977448,0.5345224839183902,0.5345224839183902,9.004443347597894,1.2742448744648704,187834.07406008185,187489.53485583805,2.333736346122459,13675.631836734688,45415.03160664067,105.79591836734691,2.9387755102040813,383.04081632653055,0.32653061224489793,0.32653061224489793,784.0,3249.0,2.9387755102040813,6.612244897959182,6.612244897959182,6.612244897959182,31.751292695269722,2408473.7947824025,2172.820370496466,614.3894808232772,32.417274474944186,0.7346938775510203,0.0,0.32653061224489793,19377.196804000007,0.0017139599999999918,763.4168999999999,9.0,1.0,0.0,4.0,36.13264316430168,24.664398856814127,0.0,9.0,9.0,6573.966399999993,2.6364016899999796
456.2800000000003,455.8652504011436,1.865885714285717,120.69714285714284,224.4898130445041,10.571428571428571,1.7142857142857142,20.142857142857142,0.8571428571428571,0.8571428571428571,29.714285714285715,60.14285714285714,1.7142857142857142,2.571428571428571,2.571428571428571,2.571428571428571,5.153170156618838,1708.996058912286,48.76109500063189,26.08646619235558,6.084870831876831,0.8571428571428571,0.0,0.8571428571428571,139.20200000000003,0.0413999999999999,27.63,3.0,1.0,0.0,2.0,6.011043433905771,4.9663264951887856,0.0,3.0,3.0,0.2857142857142857,94.21999999999996,0.4398999999999959,21.360711598635948,21.351001156883573,1.3659742729589446,10.986225141386956,14.98298411681078,3.2513733362271044,1.3093073414541423,4.488079449269714,0.9258200998265577,0.9258200998265577,5.451081150963147,7.75518259894357,1.3093073414541423,1.6035674515057268,1.6035674515057268,1.6035674515057268,41.3400055504639,6.982914506188078,5.107491183786379,2.466753095057718,1e-05,0.9258200998265577,11.798389720639847,0.2034698997394944,5.256424640390081,1.7320508075977448,1.00000000005,1e-05,1.4142135624084504,2.451742937994473,1e-05,1.7320508075977448,1.7320508075977448,0.5345224839183902,0.5345224839183902,9.70669871790095,0.6632495760270005,208191.43840000028,207813.12652329737,3.4815294987755205,14567.800293877546,50395.676160756404,111.75510204081633,2.9387755102040813,405.734693877551,0.7346938775510203,0.7346938775510203,882.9387755102041,3617.163265306122,2.9387755102040813,6.612244897959182,6.612244897959182,6.612244897959182,26.55516266306702,2920667.5293777254,2377.6443856606484,680.5037184049106,37.025653040625436,0.7346938775510203,0.0,0.7346938775510203,19377.196804000007,0.0017139599999999918,763.4168999999999,9.0,1.0,0.0,4.0,36.13264316430168,24.664398856814127,0.0,9.0,9.0,8877.408399999991,0.1935120099999964
460.2877142857146,459.8697218480008,2.0261714285714305,120.69714285714284,227.11120822014183,10.571428571428571,1.7142857142857142,20.428571428571427,0.8571428571428571,0.8571428571428571,30.0,61.0,1.7142857142857142,2.571428571428571,2.571428571428571,2.571428571428571,5.194516726089876,1739.5948893555435,49.475380714917605,26.443609049498438,6.094939976442745,0.8571428571428571,0.0,0.8571428571428571,139.20200000000003,0.0413999999999999,27.63,3.0,1.0,0.0,2.0,6.011043433905771,4.9663264951887856,0.0,3.0,3.0,0.2857142857142857,94.21999999999996,0.1211000000000019,21.45431691491982,21.444573249381783,1.4234364856471224,10.986225141386956,15.07020929583401,3.2513733362271044,1.3093073414541423,4.519797719884312,0.9258200998265577,0.9258200998265577,5.47722557506079,7.810249675913056,1.3093073414541423,1.6035674515057268,1.6035674515057268,1.6035674515057268,41.708451054380376,7.033873805735898,5.142334980298195,2.4687932227188947,1e-05,0.9258200998265577,11.798389720639847,0.2034698997394944,5.256424640390081,1.7320508075977448,1.00000000005,1e-05,1.4142135624084504,2.451742937994473,1e-05,1.7320508075977448,1.7320508075977448,0.5345224839183902,0.5345224839183902,9.70669871790095,0.3479942529697896,211864.77992236766,211480.16107255762,4.105370657959192,14567.800293877546,51579.50089921262,111.75510204081633,2.9387755102040813,417.3265306122448,0.7346938775510203,0.7346938775510203,900.0,3721.0,2.9387755102040813,6.612244897959182,6.612244897959182,6.612244897959182,26.983004017627486,3026190.3790719258,2447.813296886041,699.2644595627156,37.1482933164399,0.7346938775510203,0.0,0.7346938775510203,19377.196804000007,0.0017139599999999918,763.4168999999999,9.0,1.0,0.0,4.0,36.13264316430168,24.664398856814127,0.0,9.0,9.0,8877.408399999991,0.014665210000000461
464.29542857142894,463.874193294858,2.0759142857142883,120.69714285714284,229.7326033957796,10.571428571428571,1.7142857142857142,20.71428571428571,0.8571428571428571,0.8571428571428571,30.285714285714285,61.85714285714285,1.7142857142857142,2.571428571428571,2.571428571428571,2.571428571428571,5.236959769385942,1764.61693968831,50.18966642920332,26.800751906641292,6.106550169594092,0.8571428571428571,0.0,0.8571428571428571,139.20200000000003,0.0413999999999999,27.63,3.0,1.0,0.0,2.0,6.011043433905771,4.9663264951887856,0.0,3.0,3.0,0.2857142857142857,94.21999999999996,0.2952000000000029,21.547515600911602,21.537738815738248,1.4408033473775275,10.986225141386956,15.156932519341755,3.2513733362271044,1.3093073414541423,4.551294949174983,0.9258200998265577,0.9258200998265577,5.503245795511434,7.864931204863959,1.3093073414541423,1.6035674515057268,1.6035674515057268,1.6035674515057268,42.007343878046015,7.0844665592621245,5.176944263437775,2.471143494355213,1e-05,0.9258200998265577,11.798389720639847,0.2034698997394944,5.256424640390081,1.7320508075977448,1.00000000005,1e-05,1.4142135624084504,2.451742937994473,1e-05,1.7320508075977448,1.7320508075977448,0.5345224839183902,0.5345224839183902,9.70669871790095,0.543323108380274,215570.2449923269,215179.26720495528,4.309420121632663,14567.800293877546,52777.069063002564,111.75510204081633,2.9387755102040813,429.0816326530611,0.7346938775510203,0.7346938775510203,917.2244897959183,3826.3061224489784,2.9387755102040813,6.612244897959182,6.612244897959182,6.612244897959182,27.42574762616686,3113872.9438349362,2519.002616274699,718.2803027613369,37.28995497376963,0.7346938775510203,0.0,0.7346938775510203,19377.196804000007,0.0017139599999999918,763.4168999999999,9.0,1.0,0.0,4.0,36.13264316430168,24.664398856814127,0.0,9.0,9.0,8877.408399999991,0.08714304000000171
454.0011428571431,453.58244204685786,2.1009714285714307,113.1885714285714,224.9702293996621,10.0,1.7142857142857142,19.57142857142857,0.8571428571428571,0.8571428571428571,29.714285714285715,60.14285714285714,1.7142857142857142,2.571428571428571,2.571428571428571,2.571428571428571,5.1991729122797885,1717.8789448240684,48.73114857617058,26.140287347552857,6.02672923677501,0.8571428571428571,0.5714285714285714,0.2857142857142857,139.20200000000003,0.0413999999999999,27.63,3.0,1.0,0.0,2.0,6.011043433905771,4.9663264951887856,0.0,3.0,3.0,0.2857142857142857,67.93999999999997,0.3829000000000017,21.307302571119674,21.297475015760856,1.4494728106009547,10.639011769364267,14.99900761383106,3.162277660184191,1.3093073414541423,4.4239607334975934,0.9258200998265577,0.9258200998265577,5.451081150963147,7.75518259894357,1.3093073414541423,1.6035674515057268,1.6035674515057268,1.6035674515057268,41.44730322740152,6.980769912858508,5.112757313588515,2.4549397623719833,0.7559289460845983,0.5345224839183902,11.798389720639847,0.2034698997394944,5.256424640390081,1.7320508075977448,1.00000000005,1e-05,1.4142135624084504,2.451742937994473,1e-05,1.7320508075977448,1.7320508075977448,0.5345224839183902,0.5345224839183902,8.242572414004014,0.6187891402570036,206117.03771559207,205737.03173319116,4.414080943673478,12811.652702040808,50611.60411613659,100.0,2.9387755102040813,383.04081632653055,0.7346938775510203,0.7346938775510203,882.9387755102041,3617.163265306122,2.9387755102040813,6.612244897959182,6.612244897959182,6.612244897959182,27.031398971783897,2951108.069069855,2374.724841552812,683.314622612632,36.321465293398695,0.7346938775510203,0.32653061224489793,0.08163265306122448,19377.196804000007,0.0017139599999999918,763.4168999999999,9.0,1.0,0.0,4.0,36.13264316430168,24.664398856814127,0.0,9.0,9.0,4615.843599999996,0.14661241000000128
464.8588571428575,464.439697453715,1.9018857142857173,123.3342857142857,228.57222114285796,10.857142857142858,1.7142857142857142,20.71428571428571,0.8571428571428571,0.8571428571428571,30.285714285714285,61.28571428571428,1.7142857142857142,2.571428571428571,2.571428571428571,2.571428571428571,5.334126848329796,1721.515526470526,49.677411223828045,26.574210986980304,6.223680424166044,0.8571428571428571,0.0,0.8571428571428571,139.20200000000003,0.0413999999999999,27.63,3.0,1.0,0.0,2.0,6.011043433905771,4.9663264951887856,0.0,3.0,3.0,0.2857142857142857,58.70999999999992,2.9334999999999933,21.56058573283568,21.550863032691172,1.3790887260744746,11.105597044481026,15.118605132185904,3.2950178842068305,1.3093073414541423,4.551294949174983,0.9258200998265577,0.9258200998265577,5.503245795511434,7.828519290760819,1.3093073414541423,1.6035674515057268,1.6035674515057268,1.6035674515057268,41.491149977683506,7.048220429578522,5.155018039452462,2.4947305313933295,1e-05,0.9258200998265577,11.798389720639847,0.2034698997394944,5.256424640390081,1.7320508075977448,1.00000000005,1e-05,1.4142135624084504,2.451742937994473,1e-05,1.7320508075977448,1.7320508075977448,0.5345224839183902,0.5345224839183902,7.662245101802729,1.7127463326774321,216093.75706416363,215704.2325708983,3.617169270204093,15211.346032653057,52245.260278179565,117.87755102040818,2.9387755102040813,429.0816326530611,0.7346938775510203,0.7346938775510203,917.2244897959183,3755.938775510203,2.9387755102040813,6.612244897959182,6.612244897959182,6.612244897959182,28.452909234072763,2963615.7078790925,2467.8451859013167,706.1886895805447,38.73419802214764,0.7346938775510203,0.0,0.7346938775510203,19377.196804000007,0.0017139599999999918,763.4168999999999,9.0,1.0,0.0,4.0,36.13264316430168,24.664398856814127,0.0,9.0,9.0,3446.864099999991,8.605422249999961
487.7405714285717,487.3043302388579,2.2401142857142884,127.08857142857144,239.9540061672035,11.142857142857142,1.7142857142857142,21.285714285714285,1.1428571428571428,1.1428571428571428,32.0,64.42857142857143,1.7142857142857142,2.571428571428571,2.571428571428571,2.571428571428571,4.85246846316764,1878.585751206964,51.82498489752663,27.87379595512219,6.614934261992065,0.8571428571428571,0.0,1.1428571428571428,139.20200000000003,0.0413999999999999,27.63,3.0,1.0,0.0,2.0,6.011043433905771,4.9663264951887856,0.0,3.0,3.0,0.2857142857142857,71.84999999999994,1.7496999999999956,22.084849363956994,22.074970673569602,1.4967011344334207,11.27335670635288,15.490448869135571,3.3380918416000993,1.3093073414541423,4.61364436056945,1.0690449676964682,1.0690449676964682,5.656854249501219,8.026741021652027,1.3093073414541423,1.6035674515057268,1.6035674515057268,1.6035674515057268,43.34265510103256,7.198957209042615,5.279563992909091,2.5719514501817615,1e-05,1.0690449676964682,11.798389720639847,0.2034698997394944,5.256424640390081,1.7320508075977448,1.00000000005,1e-05,1.4142135624084504,2.451742937994473,1e-05,1.7320508075977448,1.7320508075977448,0.5345224839183902,0.5345224839183902,8.476437931118232,1.3227622613682308,237890.86501746962,237465.5102695419,5.018112013061237,16151.504987755105,57577.92507569033,124.16326530612244,2.9387755102040813,453.0816326530612,1.3061224489795917,1.3061224489795917,1024.0,4151.040816326531,2.9387755102040813,6.612244897959182,6.612244897959182,6.612244897959182,23.54645018603652,3529084.424637833,2685.8290596288634,776.9485009477862,43.75735529047651,0.7346938775510203,0.0,1.3061224489795917,19377.196804000007,0.0017139599999999918,763.4168999999999,9.0,1.0,0.0,4.0,36.13264316430168,24.664398856814127,0.0,9.0,9.0,5162.422499999991,3.0614500899999846
491.74828571428606,491.3088016857152,2.400400000000002,127.08857142857144,242.57540134284125,11.142857142857142,1.7142857142857142,21.57142857142857,1.1428571428571428,1.1428571428571428,32.285714285714285,65.28571428571428,1.7142857142857142,2.571428571428571,2.571428571428571,2.571428571428571,4.893815032638679,1909.1845816502207,52.53927061181235,28.23093881226505,6.625003406557978,0.8571428571428571,0.0,1.1428571428571428,139.20200000000003,0.0413999999999999,27.63,3.0,1.0,0.0,2.0,6.011043433905771,4.9663264951887856,0.0,3.0,3.0,0.2857142857142857,71.84999999999994,1.1886999999999976,22.17539820869934,22.165486723413387,1.5493224325814179,11.27335670635288,15.574832305451679,3.3380918416000993,1.3093073414541423,4.644505202013296,1.0690449676964682,1.0690449676964682,5.68205194325204,8.079957567080058,1.3093073414541423,1.6035674515057268,1.6035674515057268,1.6035674515057268,43.6942167986831,7.248397796196919,5.313279478096842,2.5739081970144113,1e-05,1.0690449676964682,11.798389720639847,0.2034698997394944,5.256424640390081,1.7320508075977448,1.00000000005,1e-05,1.4142135624084504,2.451742937994473,1e-05,1.7320508075977448,1.7320508075977448,0.5345224839183902,0.5345224839183902,8.476437931118232,1.0902751946641718,241816.37650293912,241384.3386138534,5.76192016000001,16151.504987755105,58842.825336640504,124.16326530612244,2.9387755102040813,465.3265306122448,1.3061224489795917,1.3061224489795917,1042.3673469387754,4262.224489795917,2.9387755102040813,6.612244897959182,6.612244897959182,6.612244897959182,23.94942557368032,3644985.7668109285,2760.3749564212485,796.9859062218533,43.89067013690481,0.7346938775510203,0.0,1.3061224489795917,19377.196804000007,0.0017139599999999918,763.4168999999999,9.0,1.0,0.0,4.0,36.13264316430168,24.664398856814127,0.0,9.0,9.0,5162.422499999991,1.4130076899999944
495.7560000000004,495.31327313257225,2.4501428571428594,127.08857142857144,245.196796518479,11.142857142857142,1.7142857142857142,21.85714285714285,1.1428571428571428,1.1428571428571428,32.57142857142857,66.14285714285714,1.7142857142857142,2.571428571428571,2.571428571428571,2.571428571428571,4.936258075934743,1934.206631982988,53.253556326098064,28.588081669407902,6.636613599709326,0.8571428571428571,0.0,1.1428571428571428,139.20200000000003,0.0413999999999999,27.63,3.0,1.0,0.0,2.0,6.011043433905771,4.9663264951887856,0.0,3.0,3.0,0.2857142857142857,71.84999999999994,1.0145999999999966,22.26557881574383,22.255634637832106,1.5652932176569536,11.27335670635288,15.65876101479868,3.3380918416000993,1.3093073414541423,4.675162334854572,1.0690449676964682,1.0690449676964682,5.707138387276812,8.132825901429166,1.3093073414541423,1.6035674515057268,1.6035674515057268,1.6035674515057268,43.97961609635864,7.297503431050791,5.346782366013031,2.5761625724727324,1e-05,1.0690449676964682,11.798389720639847,0.2034698997394944,5.256424640390081,1.7320508075977448,1.00000000005,1e-05,1.4142135624084504,2.451742937994473,1e-05,1.7320508075977448,1.7320508075977448,0.5345224839183902,0.5345224839183902,8.476437931118232,1.0072735478011903,245774.0115360004,245335.23854130213,6.003200020408174,16151.504987755105,60121.4690229244,124.16326530612244,2.9387755102040813,477.73469387755074,1.3061224489795917,1.3061224489795917,1060.8979591836733,4374.877551020408,2.9387755102040813,6.612244897959182,6.612244897959182,6.612244897959182,24.366643792230974,3741155.2952069743,2835.941261376899,817.2784135367361,44.04464007184678,0.7346938775510203,0.0,1.3061224489795917,19377.196804000007,0.0017139599999999918,763.4168999999999,9.0,1.0,0.0,4.0,36.13264316430168,24.664398856814127,0.0,9.0,9.0,5162.422499999991,1.0294131599999932
485.4617142857146,485.02152188457217,2.475200000000002,119.58,240.4344225223615,10.571428571428571,1.7142857142857142,20.71428571428571,1.1428571428571428,1.1428571428571428,32.0,64.42857142857143,1.7142857142857142,2.571428571428571,2.571428571428571,2.571428571428571,4.898471218828592,1887.468637118746,51.79503847306532,27.927617110319467,6.556792666890242,0.8571428571428571,0.5714285714285714,0.5714285714285714,139.20200000000003,0.0413999999999999,27.63,3.0,1.0,0.0,2.0,6.011043433905771,4.9663264951887856,0.0,3.0,3.0,0.2857142857142857,45.569999999999936,0.9268999999999978,22.033195734750205,22.02320416934539,1.5732768351755522,10.935264057173013,15.505947972389869,3.2513733362271044,1.3093073414541423,4.551294949174983,1.0690449676964682,1.0690449676964682,5.656854249501219,8.026741021652027,1.3093073414541423,1.6035674515057268,1.6035674515057268,1.6035674515057268,43.4450070447554,7.196876994444557,5.284658655998461,2.560623491845344,0.7559289460845983,0.7559289460845983,11.798389720639847,0.2034698997394944,5.256424640390081,1.7320508075977448,1.00000000005,1e-05,1.4142135624084504,2.451742937994473,1e-05,1.7320508075977448,1.7320508075977448,0.5345224839183902,0.5345224839183902,6.750555532702471,0.9627564593914693,235673.0760372248,235245.87669122653,6.126615040000009,14299.3764,57808.71153366146,111.75510204081633,2.9387755102040813,429.0816326530611,1.3061224489795917,1.3061224489795917,1024.0,4151.040816326531,2.9387755102040813,6.612244897959182,6.612244897959182,6.612244897959182,23.995020281692074,3562537.856106897,2682.7260104263164,779.9517974606086,42.991530076585654,0.7346938775510203,0.32653061224489793,0.32653061224489793,19377.196804000007,0.0017139599999999918,763.4168999999999,9.0,1.0,0.0,4.0,36.13264316430168,24.664398856814127,0.0,9.0,9.0,2076.6248999999943,0.859143609999996
441.3885714285717,440.9887687908579,1.3220571428571462,126.69714285714284,213.88036007713464,10.857142857142858,1.7142857142857142,19.0,0.5714285714285714,0.5714285714285714,28.57142857142857,56.428571428571416,1.7142857142857142,3.142857142857143,3.142857142857143,3.142857142857143,5.582331850364302,1551.9318367457724,46.086292909327376,24.602140291527256,6.132003620126943,0.8571428571428571,0.0,0.5714285714285714,139.20200000000003,0.0413999999999999,27.63,3.0,1.0,0.0,2.0,6.011043433905771,4.9663264951887856,0.0,3.0,3.0,0.2857142857142857,46.93999999999994,0.9040999999999926,21.009249663628438,20.99973258855831,1.149807437337725,11.255982536288995,14.624649058258958,3.2950178842068305,1.3093073414541423,4.358898943552144,0.7559289460845983,0.7559289460845983,5.345224838257842,7.511895328655173,1.3093073414541423,1.7728105208840403,1.7728105208840403,1.7728105208840403,39.3945660814518,6.788688600122072,4.960054464582749,2.4762882748635997,1e-05,0.7559289460845983,11.798389720639847,0.2034698997394944,5.256424640390081,1.7320508075977448,1.00000000005,1e-05,1.4142135624084504,2.451742937994473,1e-05,1.7320508075977448,1.7320508075977448,0.5345224839183902,0.5345224839183902,6.851277253191549,0.9508417324139662,194823.87098775536,194471.0941996767,1.7478350889796006,16052.16600816326,45744.80842672477,117.87755102040818,2.9387755102040813,361.0,0.32653061224489793,0.32653061224489793,816.3265306122448,3184.1836734693866,2.9387755102040813,9.877551020408163,9.877551020408163,9.877551020408163,31.162428887591727,2408492.425905107,2123.946394124319,605.2653069239889,37.60146839724993,0.7346938775510203,0.0,0.32653061224489793,19377.196804000007,0.0017139599999999918,763.4168999999999,9.0,1.0,0.0,4.0,36.13264316430168,24.664398856814127,0.0,9.0,9.0,2203.3635999999947,0.8173968099999865
464.2702857142861,463.8534015760007,1.6602857142857168,130.45142857142855,225.2621451014802,11.142857142857142,1.7142857142857142,19.57142857142857,0.8571428571428571,0.8571428571428571,30.285714285714285,59.57142857142857,1.7142857142857142,3.142857142857143,3.142857142857143,3.142857142857143,5.100673465202146,1709.0020614822104,48.23386658302597,25.901725259669146,6.523257457952964,0.8571428571428571,0.0,0.8571428571428571,139.20200000000003,0.0413999999999999,27.63,3.0,1.0,0.0,2.0,6.011043433905771,4.9663264951887856,0.0,3.0,3.0,0.2857142857142857,60.07999999999996,0.279700000000005,21.546932164797525,21.537256129231057,1.2885207465872317,11.421533547275013,15.008735626347084,3.3380918416000993,1.3093073414541423,4.4239607334975934,0.9258200998265577,0.9258200998265577,5.503245795511434,7.718252948143678,1.3093073414541423,1.7728105208840403,1.7728105208840403,1.7728105208840403,41.34007815041368,6.945060588873647,5.089373759095429,2.5540668468254633,1e-05,0.9258200998265577,11.798389720639847,0.2034698997394944,5.256424640390081,1.7320508075977448,1.00000000005,1e-05,1.4142135624084504,2.451742937994473,1e-05,1.7320508075977448,1.7320508075977448,0.5345224839183902,0.5345224839183902,7.751128950036889,0.5288667129816406,215546.89819722486,215159.97815362655,2.7565486530612326,17017.575216326524,50743.03401572032,124.16326530612244,2.9387755102040813,383.04081632653055,0.7346938775510203,0.7346938775510203,917.2244897959183,3548.755102040816,2.9387755102040813,9.877551020408163,9.877551020408163,9.877551020408163,26.016869798617265,2920688.0461504445,2326.5058855491493,670.8993714273827,42.55288786273896,0.7346938775510203,0.0,0.7346938775510203,19377.196804000007,0.0017139599999999918,763.4168999999999,9.0,1.0,0.0,4.0,36.13264316430168,24.664398856814127,0.0,9.0,9.0,3609.6063999999956,0.0782320900000028
468.2780000000004,467.8578730228579,1.8205714285714305,130.45142857142855,227.883540277118,11.142857142857142,1.7142857142857142,19.857142857142858,0.8571428571428571,0.8571428571428571,30.57142857142857,60.428571428571416,1.7142857142857142,3.142857142857143,3.142857142857143,3.142857142857143,5.142020034673184,1739.600891925468,48.94815229731168,26.258868116812,6.533326602518878,0.8571428571428571,0.0,0.8571428571428571,139.20200000000003,0.0413999999999999,27.63,3.0,1.0,0.0,2.0,6.011043433905771,4.9663264951887856,0.0,3.0,3.0,0.2857142857142857,60.07999999999996,0.8407000000000029,21.63973197616136,21.630022492428385,1.3492855252582496,11.421533547275013,15.095812011190985,3.3380918416000993,1.3093073414541423,4.456135417291855,0.9258200998265577,0.9258200998265577,5.529143565827222,7.773581634528026,1.3093073414541423,1.7728105208840403,1.7728105208840403,1.7728105208840403,41.708523012995414,6.996295612494635,5.124340749492758,2.5560372850603876,1e-05,0.9258200998265577,11.798389720639847,0.2034698997394944,5.256424640390081,1.7320508075977448,1.00000000005,1e-05,1.4142135624084504,2.451742937994473,1e-05,1.7320508075977448,1.7320508075977448,0.5345224839183902,0.5345224839183902,7.751128950036889,0.9168969408281407,219284.2852840004,218890.98934947263,3.314480326530619,17017.575216326524,51930.90792923285,124.16326530612244,2.9387755102040813,394.30612244897964,0.7346938775510203,0.7346938775510203,934.612244897959,3651.6122448979577,2.9387755102040813,9.877551020408163,9.877551020408163,9.877551020408163,26.44037003698041,3026211.263187884,2395.921613320819,689.5281547761258,42.684356495180864,0.7346938775510203,0.0,0.7346938775510203,19377.196804000007,0.0017139599999999918,763.4168999999999,9.0,1.0,0.0,4.0,36.13264316430168,24.664398856814127,0.0,9.0,9.0,3609.6063999999956,0.7067764900000049
472.2857142857147,471.862344469715,1.870314285714288,130.45142857142855,230.5049354527557,11.142857142857142,1.7142857142857142,20.142857142857142,0.8571428571428571,0.8571428571428571,30.85714285714285,61.28571428571428,1.7142857142857142,3.142857142857143,3.142857142857143,3.142857142857143,5.18446307796925,1764.622942258234,49.6624380115974,26.616010973954857,6.5449367956702265,0.8571428571428571,0.0,0.8571428571428571,139.20200000000003,0.0413999999999999,27.63,3.0,1.0,0.0,2.0,6.011043433905771,4.9663264951887856,0.0,3.0,3.0,0.2857142857142857,60.07999999999996,1.014800000000004,21.732135520602082,21.722392696703903,1.3675943425644492,11.421533547275013,15.182388990302405,3.3380918416000993,1.3093073414541423,4.488079449269714,0.9258200998265577,0.9258200998265577,5.554920598644309,7.828519290760819,1.3093073414541423,1.7728105208840403,1.7728105208840403,1.7728105208840403,42.00741532465826,7.047158151460588,5.159070747145735,2.558307408379655,1e-05,0.9258200998265577,11.798389720639847,0.2034698997394944,5.256424640390081,1.7320508075977448,1.00000000005,1e-05,1.4142135624084504,2.451742937994473,1e-05,1.7320508075977448,1.7320508075977448,0.5345224839183902,0.5345224839183902,7.751128950036889,1.0073728208066783,223053.79591836772,222654.072128456,3.4980755273469475,17017.575216326524,53132.525268079065,124.16326530612244,2.9387755102040813,405.734693877551,0.7346938775510203,0.7346938775510203,952.1632653061221,3755.938775510203,2.9387755102040813,9.877551020408163,9.877551020408163,9.877551020408163,26.878657406826388,3113894.1283441065,2466.3577492557547,708.4120401656854,42.83619765931805,0.7346938775510203,0.0,0.7346938775510203,19377.196804000007,0.0017139599999999918,763.4168999999999,9.0,1.0,0.0,4.0,36.13264316430168,24.664398856814127,0.0,9.0,9.0,3609.6063999999956,1.029819040000008
461.9914285714289,461.5705932217151,1.8953714285714305,122.94285714285714,225.7425614566382,10.571428571428571,1.7142857142857142,19.0,0.8571428571428571,0.8571428571428571,30.285714285714285,59.57142857142857,1.7142857142857142,3.142857142857143,3.142857142857143,3.142857142857143,5.146676220863097,1717.8849473939924,48.20392015856465,25.95554641486642,6.465115862851143,0.8571428571428571,0.5714285714285714,0.2857142857142857,139.20200000000003,0.0413999999999999,27.63,3.0,1.0,0.0,2.0,6.011043433905771,4.9663264951887856,0.0,3.0,3.0,0.2857142857142857,33.799999999999955,1.1025000000000027,21.493985869808533,21.484194032400076,1.3767248921521795,11.087960008178111,15.024731660057633,3.2513733362271044,1.3093073414541423,4.358898943552144,0.9258200998265577,0.9258200998265577,5.503245795511434,7.718252948143678,1.3093073414541423,1.7728105208840403,1.7728105208840403,1.7728105208840403,41.4473756394068,6.9429043028594775,5.094658616135768,2.542659210934714,0.7559289460845983,0.5345224839183902,11.798389720639847,0.2034698997394944,5.256424640390081,1.7320508075977448,1.00000000005,1e-05,1.4142135624084504,2.451742937994473,1e-05,1.7320508075977448,1.7320508075977448,0.5345224839183902,0.5345224839183902,5.8137767415080495,1.0500000000476204,213436.0800734697,213047.412527046,3.5924328522449054,15114.946122448979,50959.70405300408,111.75510204081633,2.9387755102040813,361.0,0.7346938775510203,0.7346938775510203,917.2244897959183,3548.755102040816,2.9387755102040813,9.877551020408163,9.877551020408163,9.877551020408163,26.48827612239765,2951128.6924828603,2323.6179186532754,673.690389694285,41.797723120089486,0.7346938775510203,0.32653061224489793,0.08163265306122448,19377.196804000007,0.0017139599999999918,763.4168999999999,9.0,1.0,0.0,4.0,36.13264316430168,24.664398856814127,0.0,9.0,9.0,1142.4399999999969,1.215506250000006
472.8491428571432,472.42784862857206,1.6962857142857175,133.0885714285714,229.344553199834,11.428571428571429,1.7142857142857142,20.142857142857142,0.8571428571428571,0.8571428571428571,30.85714285714285,60.71428571428571,1.7142857142857142,3.142857142857143,3.142857142857143,3.142857142857143,5.308926486491668,1721.5582862066983,49.15018280622212,26.389470054293863,6.664523338764198,0.8571428571428571,0.0,0.8571428571428571,139.20200000000003,0.0413999999999999,27.63,3.0,1.0,0.0,2.0,6.011043433905771,4.9663264951887856,0.0,3.0,3.0,0.2857142857142857,24.569999999999936,2.213899999999993,21.745094684945457,21.73540541670829,1.3024153386634072,11.536402014002087,15.144126029584342,3.3806170189288567,1.3093073414541423,4.488079449269714,0.9258200998265577,0.9258200998265577,5.554920598644309,7.791937224746213,1.3093073414541423,1.7728105208840403,1.7728105208840403,1.7728105208840403,41.49166526191493,7.010719136174414,5.137068235325851,2.5815738104621757,1e-05,0.9258200998265577,11.798389720639847,0.2034698997394944,5.256424640390081,1.7320508075977448,1.00000000005,1e-05,1.4142135624084504,2.451742937994473,1e-05,1.7320508075977448,1.7320508075977448,0.5345224839183902,0.5345224839183902,4.956813492567572,1.4879180085273493,223586.31190073502,223188.072159821,2.877385224489807,17712.567844897956,52598.924082431484,130.6122448979592,2.9387755102040813,405.734693877551,0.7346938775510203,0.7346938775510203,952.1632653061221,3686.2244897959176,2.9387755102040813,9.877551020408163,9.877551020408163,9.877551020408163,28.184700438972765,2963762.932806944,2415.7404698850523,696.4041297464726,44.415871332932696,0.7346938775510203,0.0,0.7346938775510203,19377.196804000007,0.0017139599999999918,763.4168999999999,9.0,1.0,0.0,4.0,36.13264316430168,24.664398856814127,0.0,9.0,9.0,603.6848999999969,4.90135320999997
495.73085714285753,495.292481413715,2.0345142857142884,136.84285714285713,240.72633822417956,11.714285714285714,1.7142857142857142,20.71428571428571,1.1428571428571428,1.1428571428571428,32.57142857142857,63.85714285714285,1.7142857142857142,3.142857142857143,3.142857142857143,3.142857142857143,4.827268101329511,1878.6285109431365,51.29775647992071,27.689055022435756,7.055777176590219,0.8571428571428571,0.0,1.1428571428571428,139.20200000000003,0.0413999999999999,27.63,3.0,1.0,0.0,2.0,6.011043433905771,4.9663264951887856,0.0,3.0,3.0,0.2857142857142857,37.70999999999995,1.0300999999999958,22.26501419588493,22.255167521585072,1.4263640088751148,11.697985174505783,15.51535814038076,3.4226138716463055,1.3093073414541423,4.551294949174983,1.0690449676964682,1.0690449676964682,5.707138387276812,7.991066440547397,1.3093073414541423,1.7728105208840403,1.7728105208840403,1.7728105208840403,43.343148373684585,7.162245212223658,5.262039055588219,2.656271291997528,1e-05,1.0690449676964682,11.798389720639847,0.2034698997394944,5.256424640390081,1.7320508075977448,1.00000000005,1e-05,1.4142135624084504,2.451742937994473,1e-05,1.7320508075977448,1.7320508075977448,0.5345224839183902,0.5345224839183902,6.140846847145754,1.0149384218266622,245749.08272359223,245314.6421449552,4.139248378775521,18725.967551020403,57949.169914822094,137.22448979591834,2.9387755102040813,429.0816326530611,1.3061224489795917,1.3061224489795917,1060.8979591836733,4077.73469387755,2.9387755102040813,9.877551020408163,9.877551020408163,9.877551020408163,23.302517322113424,3529245.082128426,2631.459819873247,766.6837680354748,49.78399156569144,0.7346938775510203,0.0,1.3061224489795917,19377.196804000007,0.0017139599999999918,763.4168999999999,9.0,1.0,0.0,4.0,36.13264316430168,24.664398856814127,0.0,9.0,9.0,1422.0440999999962,1.0611060099999914
499.73857142857184,499.2969528605722,2.194800000000002,136.84285714285713,243.34773339981732,11.714285714285714,1.7142857142857142,21.0,1.1428571428571428,1.1428571428571428,32.857142857142854,64.71428571428571,1.7142857142857142,3.142857142857143,3.142857142857143,3.142857142857143,4.86861467080055,1909.2273413863936,52.012042194206416,28.046197879578614,7.065846321156132,0.8571428571428571,0.0,1.1428571428571428,139.20200000000003,0.0413999999999999,27.63,3.0,1.0,0.0,2.0,6.011043433905771,4.9663264951887856,0.0,3.0,3.0,0.2857142857142857,37.70999999999995,0.4690999999999978,22.354833290111376,22.344953632994457,1.4814857407683686,11.697985174505783,15.599606834786488,3.4226138716463055,1.3093073414541423,4.582575694966751,1.0690449676964682,1.0690449676964682,5.7321150422198315,8.04451898589255,1.3093073414541423,1.7728105208840403,1.7728105208840403,1.7728105208840403,43.69470610253024,7.211937478535599,5.295866112325595,2.6581659694714572,1e-05,1.0690449676964682,11.798389720639847,0.2034698997394944,5.256424640390081,1.7320508075977448,1.00000000005,1e-05,1.4142135624084504,2.451742937994473,1e-05,1.7320508075977448,1.7320508075977448,0.5345224839183902,0.5345224839183902,6.140846847145754,0.6849087531197114,249738.6397734698,249297.44713585248,4.817147040000009,18725.967551020403,59218.119350828565,137.22448979591834,2.9387755102040813,441.0,1.3061224489795917,1.3061224489795917,1079.5918367346937,4187.938775510203,2.9387755102040813,9.877551020408163,9.877551020408163,9.877551020408163,23.70340881273435,3645149.041097357,2705.2525332119085,786.5892155004799,49.92618423419565,0.7346938775510203,0.0,1.3061224489795917,19377.196804000007,0.0017139599999999918,763.4168999999999,9.0,1.0,0.0,4.0,36.13264316430168,24.664398856814127,0.0,9.0,9.0,1422.0440999999962,0.22005480999999794
503.74628571428616,503.3014243074293,2.2445428571428594,136.84285714285713,245.9691285754551,11.714285714285714,1.7142857142857142,21.285714285714285,1.1428571428571428,1.1428571428571428,33.142857142857146,65.57142857142857,1.7142857142857142,3.142857142857143,3.142857142857143,3.142857142857143,4.911057714096615,1934.2493917191605,52.72632790849214,28.403340736721468,7.07745651430748,0.8571428571428571,0.0,1.1428571428571428,139.20200000000003,0.0413999999999999,27.63,3.0,1.0,0.0,2.0,6.011043433905771,4.9663264951887856,0.0,3.0,3.0,0.2857142857142857,37.70999999999995,0.2949999999999969,22.444292943070987,22.43438040837164,1.498179848096636,11.697985174505783,15.68340296541395,3.4226138716463055,1.3093073414541423,4.61364436056945,1.0690449676964682,1.0690449676964682,5.756983337040081,8.09761869758811,1.3093073414541423,1.7728105208840403,1.7728105208840403,1.7728105208840403,43.980102224975106,7.26128968631552,5.329478467619648,2.660348945985748,1e-05,1.0690449676964682,11.798389720639847,0.2034698997394944,5.256424640390081,1.7320508075977448,1.00000000005,1e-05,1.4142135624084504,2.451742937994473,1e-05,1.7320508075977448,1.7320508075977448,0.5345224839183902,0.5345224839183902,6.140846847145754,0.5431390246520654,253760.3203709392,253312.32370988696,5.0379726375510305,18725.967551020403,60500.81221216876,137.22448979591834,2.9387755102040813,453.0816326530612,1.3061224489795917,1.3061224489795917,1098.4489795918369,4299.612244897959,2.9387755102040813,9.877551020408163,9.877551020408163,9.877551020408163,24.11848787118787,3741320.7093659425,2780.065654713837,806.7497650063012,50.090390711913386,0.7346938775510203,0.0,1.3061224489795917,19377.196804000007,0.0017139599999999918,763.4168999999999,9.0,1.0,0.0,4.0,36.13264316430168,24.664398856814127,0.0,9.0,9.0,1422.0440999999962,0.08702499999999816
493.45200000000034,493.0096730594293,2.269600000000002,129.3342857142857,241.20675457933757,11.142857142857142,1.7142857142857142,20.142857142857142,1.1428571428571428,1.1428571428571428,32.57142857142857,63.85714285714285,1.7142857142857142,3.142857142857143,3.142857142857143,3.142857142857143,4.873270856990462,1887.5113968549188,51.26781005545939,27.74287617763303,6.997635581488396,0.8571428571428571,0.5714285714285714,0.5714285714285714,139.20200000000003,0.0413999999999999,27.63,3.0,1.0,0.0,2.0,6.011043433905771,4.9663264951887856,0.0,3.0,3.0,0.2857142857142857,11.42999999999995,0.207299999999998,22.213779507326084,22.203821136451474,1.5065191668545084,11.37252327825209,15.530832385272772,3.3380918416000993,1.3093073414541423,4.488079449269714,1.0690449676964682,1.0690449676964682,5.707138387276812,7.991066440547397,1.3093073414541423,1.7728105208840403,1.7728105208840403,1.7728105208840403,43.445499155321244,7.1601543318254945,5.267150669739098,2.6453044402466035,0.7559289460845983,0.7559289460845983,11.798389720639847,0.2034698997394944,5.256424640390081,1.7320508075977448,1.00000000005,1e-05,1.4142135624084504,2.451742937994473,1e-05,1.7320508075977448,1.7320508075977448,0.5345224839183902,0.5345224839183902,3.380828300890175,0.4553020976231035,243494.87630400033,243058.53773016538,5.151084160000008,16727.357461224485,58180.69845469679,124.16326530612244,2.9387755102040813,405.734693877551,1.3061224489795917,1.3061224489795917,1060.8979591836733,4077.73469387755,2.9387755102040813,9.877551020408163,9.877551020408163,9.877551020408163,23.748768845592554,3562699.2732572067,2628.3883478826633,769.6671786074783,48.96690373131244,0.7346938775510203,0.32653061224489793,0.32653061224489793,19377.196804000007,0.0017139599999999918,763.4168999999999,9.0,1.0,0.0,4.0,36.13264316430168,24.664398856814127,0.0,9.0,9.0,130.64489999999887,0.04297328999999918
387.47549999999967,387.0859773860005,1.9369000000000012,105.7,183.7108777755742,9.5,1.0,15.5,0.5,0.5,24.5,47.0,1.0,3.0,3.0,3.0,5.371899809207351,1229.0178436942992,38.48294542366069,20.556504965883107,5.570556469438019,1.0,0.0,0.5,139.20200000000003,0.0413999999999999,27.63,3.0,1.0,0.0,2.0,6.011043433905771,4.9663264951887856,0.0,3.0,3.0,0.0,60.07999999999996,1.014800000000004,19.68439737457308,19.674500689626164,1.3917255476925043,10.281050529984764,13.553998589924458,3.0822070015007106,1.00000000005,3.9370039370186056,0.7071067812572582,0.7071067812572582,4.949747468315934,6.855654600408338,1.00000000005,1.7320508075977448,1.7320508075977448,1.7320508075977448,35.05735077974945,6.2034623738490335,4.533928204767154,2.3602026331520816,1e-05,0.7071067812572582,11.798389720639847,0.2034698997394944,5.256424640390081,1.7320508075977448,1.00000000005,1e-05,1.4142135624084504,2.451742937994473,1e-05,1.7320508075977448,1.7320508075977448,0.7071067812572582,1e-05,7.751128950036889,1.0073728208066783,150137.26310024975,149835.55388887526,3.7515816100000046,11172.49,33749.686613071965,90.25,1.0,240.25,0.25,0.25,600.25,2209.0,1.0,9.0,9.0,9.0,28.857307560161974,1510484.860118985,1480.937088480447,422.56989641237686,31.031099379197766,1.0,0.0,0.25,19377.196804000007,0.0017139599999999918,763.4168999999999,9.0,1.0,0.0,4.0,36.13264316430168,24.664398856814127,0.0,9.0,9.0,3609.6063999999956,1.029819040000008
441.4456363636365,441.0345746210916,1.8945272727272744,121.45090909090908,213.4889144792352,10.545454545454543,1.4545454545454546,18.454545454545453,0.7272727272727273,0.7272727272727273,28.545454545454547,56.09090909090909,1.4545454545454546,3.090909090909091,3.090909090909091,3.090909090909091,5.252621889328559,1569.8574518713483,45.59716797962041,24.412554243746943,6.1906166770403335,0.9090909090909092,0.0,0.7272727272727273,139.20200000000003,0.0413999999999999,27.63,3.0,1.0,0.0,2.0,6.011043433905771,4.9663264951887856,0.0,3.0,3.0,0.1818181818181818,60.07999999999996,1.014800000000004,21.010607710481306,21.000823189132173,1.376418276842935,11.020476808696122,14.611259852570386,3.2473765635593517,1.2060453783525122,4.29587540027006,0.852802865481072,0.852802865481072,5.342794638160309,7.4893864295420824,1.2060453783525122,1.7580981460115048,1.7580981460115048,1.7580981460115048,39.62142667637611,6.752567510193468,4.940906216864164,2.4880949895734155,1e-05,0.852802865481072,11.798389720639847,0.2034698997394944,5.256424640390081,1.7320508075977448,1.00000000005,1e-05,1.4142135624084504,2.451742937994473,1e-05,1.7320508075977448,1.7320508075977448,0.6030226892384428,0.42640143282848125,7.751128950036889,1.0073728208066783,194874.24986449597,194511.49601120723,3.589233587107444,14750.323319008261,45577.5166055222,111.20661157024789,2.115702479338843,340.5702479338843,0.5289256198347108,0.5289256198347108,814.8429752066116,3146.1900826446285,2.115702479338843,9.553719008264462,9.553719008264462,9.553719008264462,27.590036712253518,2464452.4191960027,2079.1017277617207,595.9728047038868,38.3237348420499,0.8264462809917357,0.0,0.5289256198347108,19377.196804000007,0.0017139599999999918,763.4168999999999,9.0,1.0,0.0,4.0,36.13264316430168,24.664398856814127,0.0,9.0,9.0,3609.6063999999956,1.029819040000008
506.2098000000008,505.77289130320094,1.8436800000000029,140.352,249.2225585236284,11.8,2.0,22.0,1.0,1.0,33.400000000000006,67.0,2.0,3.2,3.2,3.2,5.10948838547401,1978.8649816838083,54.13423504677208,29.03981337718356,6.93468892616311,0.8,0.0,1.0,139.20200000000003,0.0413999999999999,27.63,3.0,1.0,0.0,2.0,6.011043433905771,4.9663264951887856,0.0,3.0,3.0,0.4,60.07999999999996,1.014800000000004,22.499106648933882,22.48939508531301,1.3578217851028915,11.847024943001513,15.786784299651668,3.4351128074780894,1.4142135624084504,4.69041575983409,1.00000000005,1.00000000005,5.779273310728608,8.18535277187856,1.4142135624084504,1.7888543820277827,1.7888543820277827,1.7888543820277827,44.48443527441827,7.357597097345851,5.388860118548593,2.6333797535226684,1e-05,1.00000000005,11.798389720639847,0.2034698997394944,5.256424640390081,1.7320508075977448,1.00000000005,1e-05,1.4142135624084504,2.451742937994473,1e-05,1.7320508075977448,1.7320508075977448,0.4472135956117614,0.6324555321127329,7.751128950036889,1.0073728208066783,256248.36161604084,255806.2175771995,3.3991559424000104,19698.683904,62111.883677063386,139.24,4.0,484.0,1.0,1.0,1115.5600000000004,4489.0,4.0,10.240000000000002,10.240000000000002,10.240000000000002,26.106871561293804,3915906.615734459,2930.515404099167,843.3107609816492,48.08991050264927,0.6400000000000001,0.0,1.0,19377.196804000007,0.0017139599999999918,763.4168999999999,9.0,1.0,0.0,4.0,36.13264316430168,24.664398856814127,0.0,9.0,9.0,3609.6063999999956,1.029819040000008
585.3660000000013,584.8975005813344,1.7815333333333363,163.4533333333333,292.89701235566446,13.333333333333332,2.6666666666666665,26.33333333333333,1.3333333333333333,1.3333333333333333,39.333333333333336,80.33333333333333,2.6666666666666665,3.333333333333333,3.333333333333333,3.333333333333333,4.934547436318448,2478.7630736768137,64.56842812884634,34.695352318050524,7.844110563979836,0.6666666666666666,0.0,1.3333333333333333,139.20200000000003,0.0413999999999999,27.63,3.0,1.0,0.0,2.0,6.011043433905771,4.9663264951887856,0.0,3.0,3.0,0.6666666666666666,60.07999999999996,1.014800000000004,24.194338180659155,24.184654237376115,1.3347409237126644,12.784886911249284,17.114234203018388,3.6514837167148,1.6329931618860707,5.131601439456627,1.1547005384225528,1.1547005384225528,6.271629240750232,8.96288643983808,1.6329931618860707,1.8257418583779397,1.8257418583779397,1.8257418583779397,49.7871778038976,8.035448222031322,5.890276081657848,2.8007339331110757,1e-05,1.1547005384225528,11.798389720639847,0.2034698997394944,5.256424640390081,1.7320508075977448,1.00000000005,1e-05,1.4142135624084504,2.451742937994473,1e-05,1.7320508075977448,1.7320508075977448,1e-05,0.8164965809889633,7.751128950036889,1.0073728208066783,342653.3539560016,342105.08618629206,3.173861017777788,26716.992177777764,85788.65984687426,177.77777777777774,7.111111111111111,693.4444444444442,1.7777777777777777,1.7777777777777777,1547.1111111111113,6453.444444444443,7.111111111111111,11.111111111111109,11.111111111111109,11.111111111111109,24.349758401276972,6144266.375423725,4169.081911029994,1203.767472473654,61.530070539940056,0.4444444444444444,0.0,1.7777777777777777,19377.196804000007,0.0017139599999999918,763.4168999999999,9.0,1.0,0.0,4.0,36.13264316430168,24.664398856814127,0.0,9.0,9.0,3609.6063999999956,1.029819040000008
495.6474545454552,495.2598766036372,1.1715090909090926,151.68363636363634,242.6821277255228,12.0,2.1818181818181817,21.0,1.0909090909090908,1.0909090909090908,33.27272727272727,65.18181818181817,2.1818181818181817,3.4545454545454546,3.4545454545454546,3.4545454545454546,4.607584820835964,1925.413311298796,52.46200986235163,28.305868221745385,7.091852804822106,0.5454545454545454,0.0,1.0909090909090908,139.20200000000003,0.0413999999999999,27.63,3.0,1.0,0.0,2.0,6.011043433905771,4.9663264951887856,0.0,3.0,3.0,0.3636363636363636,60.07999999999996,1.014800000000004,22.263141165288317,22.254434987294943,1.082362735412252,12.315991083292335,15.578258173673422,3.464101615152188,1.4770978917858428,4.582575694966751,1.0444659357820583,1.0444659357820583,5.76825166517787,8.073525759042216,1.4770978917858428,1.8586407545960717,1.8586407545960717,1.8586407545960717,43.8795318035516,7.243066330115418,5.3203259507144285,2.663053286158973,1e-05,1.0444659357820583,11.798389720639847,0.2034698997394944,5.256424640390081,1.7320508075977448,1.00000000005,1e-05,1.4142135624084504,2.451742937994473,1e-05,1.7320508075977448,1.7320508075977448,0.6030226892384428,0.6030226892384428,7.751128950036889,1.0073728208066783,245666.3991973891,245282.34537344996,1.3724335500826486,23007.92554049586,58894.615117386966,144.0,4.760330578512396,441.0,1.190082644628099,1.190082644628099,1107.0743801652893,4248.669421487602,4.760330578512396,11.933884297520661,11.933884297520661,11.933884297520661,21.22983788119798,3707216.4193265946,2752.2624787974796,801.2221757868152,50.29437620526318,0.29752066115702475,0.0,1.190082644628099,19377.196804000007,0.0017139599999999918,763.4168999999999,9.0,1.0,0.0,4.0,36.13264316430168,24.664398856814127,0.0,9.0,9.0,3609.6063999999956,1.029819040000008
457.1692941176474,456.7227648536479,2.322482352941179,116.71294117647058,222.6255757468477,10.588235294117649,1.4117647058823528,19.588235294117645,0.7058823529411764,0.7058823529411764,29.29411764705882,58.76470588235294,1.4117647058823528,2.9411764705882355,2.9411764705882355,2.9411764705882355,5.557737244349612,1660.5821152319886,47.8509503434623,25.52257393126687,6.191049966219011,1.0588235294117647,0.0,0.7058823529411764,139.20200000000003,0.0413999999999999,27.63,3.0,1.0,0.0,2.0,6.011043433905771,4.9663264951887856,0.0,3.0,3.0,0.2352941176470588,60.07999999999996,1.014800000000004,21.381517582195784,21.371073086154283,1.5239692756224381,10.803376378548078,14.920642605027027,3.2539568672952086,1.1881770516140904,4.425859836711692,0.8401680504763177,0.8401680504763177,5.412404054314387,7.665814104350101,1.1881770516140904,1.714985851454243,1.714985851454243,1.714985851454243,40.7502406769836,6.917438134422476,5.051987126999323,2.4881820605251157,1e-05,0.8401680504763177,11.798389720639847,0.2034698997394944,5.256424640390081,1.7320508075977448,1.00000000005,1e-05,1.4142135624084504,2.451742937994473,1e-05,1.7320508075977448,1.7320508075977448,0.48507125017574354,0.48507125017574354,7.751128950036889,1.0073728208066783,209003.76348402796,208595.68393556055,5.393924279723195,13621.910638062282,49562.14697661542,112.11072664359865,1.9930795847750862,383.6989619377162,0.49826989619377154,0.49826989619377154,858.1453287197229,3453.2906574394465,1.9930795847750862,8.65051903114187,8.65051903114187,8.65051903114187,30.88844327723082,2757532.9614283456,2289.7134487724948,651.4017800769832,38.32909968422042,1.1211072664359862,0.0,0.49826989619377154,19377.196804000007,0.0017139599999999918,763.4168999999999,9.0,1.0,0.0,4.0,36.13264316430168,24.664398856814127,0.0,9.0,9.0,3609.6063999999956,1.029819040000008
446.5878000000002,446.1250591224008,2.6390000000000025,107.096,217.11002395271203,10.2,1.2000000000000002,19.2,0.6000000000000001,0.6000000000000001,28.200000000000003,57.0,1.2000000000000002,2.8,2.8,2.8,5.819029160815864,1587.7535363136162,46.58290897576774,24.757168001385278,5.94332918560316,1.2,0.0,0.6000000000000001,139.20200000000003,0.0413999999999999,27.63,3.0,1.0,0.0,2.0,6.011043433905771,4.9663264951887856,0.0,3.0,3.0,0.2,60.07999999999996,1.014800000000004,21.132624068016263,21.12167273495404,1.6244999230840247,10.348719727584664,14.734653845707133,3.1937438845499178,1.0954451150559759,4.38178046005274,0.7745966693060332,0.7745966693060332,5.310367218950117,7.549834435277372,1.0954451150559759,1.6733200530980317,1.6733200530980317,1.6733200530980317,39.846625155886365,6.825167322188354,4.975657544635209,2.437894416438735,1e-05,0.7745966693060332,11.798389720639847,0.2034698997394944,5.256424640390081,1.7320508075977448,1.00000000005,1e-05,1.4142135624084504,2.451742937994473,1e-05,1.7320508075977448,1.7320508075977448,0.4472135956117614,0.4472135956117614,7.751128950036889,1.0073728208066783,199440.66310884018,199027.5683769656,6.964321000000013,11469.553216,47136.76250074719,104.03999999999999,1.4400000000000004,368.64,0.3600000000000001,0.3600000000000001,795.2400000000001,3249.0,1.4400000000000004,7.839999999999999,7.839999999999999,7.839999999999999,33.861100374425384,2520961.292076394,2169.9674086446626,612.9173674488151,35.32316180844232,1.44,0.0,0.3600000000000001,19377.196804000007,0.0017139599999999918,763.4168999999999,9.0,1.0,0.0,4.0,36.13264316430168,24.664398856814127,0.0,9.0,9.0,3609.6063999999956,1.029819040000008
441.3885714285717,440.9887687908579,1.3220571428571462,126.69714285714284,213.88036007713464,10.857142857142858,1.7142857142857142,19.0,0.5714285714285714,0.5714285714285714,28.57142857142857,56.428571428571416,1.7142857142857142,3.142857142857143,3.142857142857143,3.142857142857143,5.582331850364302,1551.9318367457724,46.086292909327376,24.602140291527256,6.132003620126943,0.8571428571428571,0.0,0.5714285714285714,139.20200000000003,0.0413999999999999,27.63,3.0,1.0,0.0,2.0,6.011043433905771,4.9663264951887856,0.0,3.0,3.0,0.2857142857142857,46.93999999999994,0.9040999999999926,21.009249663628438,20.99973258855831,1.149807437337725,11.255982536288995,14.624649058258958,3.2950178842068305,1.3093073414541423,4.358898943552144,0.7559289460845983,0.7559289460845983,5.345224838257842,7.511895328655173,1.3093073414541423,1.7728105208840403,1.7728105208840403,1.7728105208840403,39.3945660814518,6.788688600122072,4.960054464582749,2.4762882748635997,1e-05,0.7559289460845983,11.798389720639847,0.2034698997394944,5.256424640390081,1.7320508075977448,1.00000000005,1e-05,1.4142135624084504,2.451742937994473,1e-05,1.7320508075977448,1.7320508075977448,0.5345224839183902,0.5345224839183902,6.851277253191549,0.9508417324139662,194823.87098775536,194471.0941996767,1.7478350889796006,16052.16600816326,45744.80842672477,117.87755102040818,2.9387755102040813,361.0,0.32653061224489793,0.32653061224489793,816.3265306122448,3184.1836734693866,2.9387755102040813,9.877551020408163,9.877551020408163,9.877551020408163,31.162428887591727,2408492.425905107,2123.946394124319,605.2653069239889,37.60146839724993,0.7346938775510203,0.0,0.32653061224489793,19377.196804000007,0.0017139599999999918,763.4168999999999,9.0,1.0,0.0,4.0,36.13264316430168,24.664398856814127,0.0,9.0,9.0,2203.3635999999947,0.8173968099999865
472.2857142857147,471.862344469715,1.870314285714288,130.45142857142855,230.5049354527557,11.142857142857142,1.7142857142857142,20.142857142857142,0.8571428571428571,0.8571428571428571,30.85714285714285,61.28571428571428,1.7142857142857142,3.142857142857143,3.142857142857143,3.142857142857143,5.18446307796925,1764.622942258234,49.6624380115974,26.616010973954857,6.5449367956702265,0.8571428571428571,0.0,0.8571428571428571,139.20200000000003,0.0413999999999999,27.63,3.0,1.0,0.0,2.0,6.011043433905771,4.9663264951887856,0.0,3.0,3.0,0.2857142857142857,60.07999999999996,1.014800000000004,21.732135520602082,21.722392696703903,1.3675943425644492,11.421533547275013,15.182388990302405,3.3380918416000993,1.3093073414541423,4.488079449269714,0.9258200998265577,0.9258200998265577,5.554920598644309,7.828519290760819,1.3093073414541423,1.7728105208840403,1.7728105208840403,1.7728105208840403,42.00741532465826,7.047158151460588,5.159070747145735,2.558307408379655,1e-05,0.9258200998265577,11.798389720639847,0.2034698997394944,5.256424640390081,1.7320508075977448,1.00000000005,1e-05,1.4142135624084504,2.451742937994473,1e-05,1.7320508075977448,1.7320508075977448,0.5345224839183902,0.5345224839183902,7.751128950036889,1.0073728208066783,223053.79591836772,222654.072128456,3.4980755273469475,17017.575216326524,53132.525268079065,124.16326530612244,2.9387755102040813,405.734693877551,0.7346938775510203,0.7346938775510203,952.1632653061221,3755.938775510203,2.9387755102040813,9.877551020408163,9.877551020408163,9.877551020408163,26.878657406826388,3113894.1283441065,2466.3577492557547,708.4120401656854,42.83619765931805,0.7346938775510203,0.0,0.7346938775510203,19377.196804000007,0.0017139599999999918,763.4168999999999,9.0,1.0,0.0,4.0,36.13264316430168,24.664398856814127,0.0,9.0,9.0,3609.6063999999956,1.029819040000008
472.2857142857147,471.862344469715,1.870314285714288,130.45142857142855,230.5049354527557,11.142857142857142,1.7142857142857142,20.142857142857142,0.8571428571428571,0.8571428571428571,30.85714285714285,61.28571428571428,1.7142857142857142,3.142857142857143,3.142857142857143,3.142857142857143,5.18446307796925,1764.622942258234,49.6624380115974,26.616010973954857,6.5449367956702265,0.8571428571428571,0.0,0.8571428571428571,139.20200000000003,0.0413999999999999,27.63,3.0,1.0,0.0,2.0,6.011043433905771,4.9663264951887856,0.0,3.0,3.0,0.2857142857142857,60.07999999999996,1.014800000000004,21.732135520602082,21.722392696703903,1.3675943425644492,11.421533547275013,15.182388990302405,3.3380918416000993,1.3093073414541423,4.488079449269714,0.9258200998265577,0.9258200998265577,5.554920598644309,7.828519290760819,1.3093073414541423,1.7728105208840403,1.7728105208840403,1.7728105208840403,42.00741532465826,7.047158151460588,5.159070747145735,2.558307408379655,1e-05,0.9258200998265577,11.798389720639847,0.2034698997394944,5.256424640390081,1.7320508075977448,1.00000000005,1e-05,1.4142135624084504,2.451742937994473,1e-05,1.7320508075977448,1.7320508075977448,0.5345224839183902,0.5345224839183902,7.751128950036889,1.0073728208066783,223053.79591836772,222654.072128456,3.4980755273469475,17017.575216326524,53132.525268079065,124.16326530612244,2.9387755102040813,405.734693877551,0.7346938775510203,0.7346938775510203,952.1632653061221,3755.938775510203,2.9387755102040813,9.877551020408163,9.877551020408163,9.877551020408163,26.878657406826388,3113894.1283441065,2466.3577492557547,708.4120401656854,42.83619765931805,0.7346938775510203,0.0,0.7346938775510203,19377.196804000007,0.0017139599999999918,763.4168999999999,9.0,1.0,0.0,4.0,36.13264316430168,24.664398856814127,0.0,9.0,9.0,3609.6063999999956,1.029819040000008
472.2857142857147,471.862344469715,1.870314285714288,130.45142857142855,230.5049354527557,11.142857142857142,1.7142857142857142,20.142857142857142,0.8571428571428571,0.8571428571428571,30.85714285714285,61.28571428571428,1.7142857142857142,3.142857142857143,3.142857142857143,3.142857142857143,5.18446307796925,1764.622942258234,49.6624380115974,26.616010973954857,6.5449367956702265,0.8571428571428571,0.0,0.8571428571428571,139.20200000000003,0.0413999999999999,27.63,3.0,1.0,0.0,2.0,6.011043433905771,4.9663264951887856,0.0,3.0,3.0,0.2857142857142857,60.07999999999996,1.014800000000004,21.732135520602082,21.722392696703903,1.3675943425644492,11.421533547275013,15.182388990302405,3.3380918416000993,1.3093073414541423,4.488079449269714,0.9258200998265577,0.9258200998265577,5.554920598644309,7.828519290760819,1.3093073414541423,1.7728105208840403,1.7728105208840403,1.7728105208840403,42.00741532465826,7.047158151460588,5.159070747145735,2.558307408379655,1e-05,0.9258200998265577,11.798389720639847,0.2034698997394944,5.256424640390081,1.7320508075977448,1.00000000005,1e-05,1.4142135624084504,2.451742937994473,1e-05,1.7320508075977448,1.7320508075977448,0.5345224839183902,0.5345224839183902,7.751128950036889,1.0073728208066783,223053.79591836772,222654.072128456,3.4980755273469475,17017.575216326524,53132.525268079065,124.16326530612244,2.9387755102040813,405.734693877551,0.7346938775510203,0.7346938775510203,952.1632653061221,3755.938775510203,2.9387755102040813,9.877551020408163,9.877551020408163,9.877551020408163,26.878657406826388,3113894.1283441065,2466.3577492557547,708.4120401656854,42.83619765931805,0.7346938775510203,0.0,0.7346938775510203,19377.196804000007,0.0017139599999999918,763.4168999999999,9.0,1.0,0.0,4.0,36.13264316430168,24.664398856814127,0.0,9.0,9.0,3609.6063999999956,1.029819040000008
472.2857142857147,471.862344469715,1.870314285714288,130.45142857142855,230.5049354527557,11.142857142857142,1.7142857142857142,20.142857142857142,0.8571428571428571,0.8571428571428571,30.85714285714285,61.28571428571428,1.7142857142857142,3.142857142857143,3.142857142857143,3.142857142857143,5.18446307796925,1764.622942258234,49.6624380115974,26.616010973954857,6.5449367956702265,0.8571428571428571,0.0,0.8571428571428571,139.20200000000003,0.0413999999999999,27.63,3.0,1.0,0.0,2.0,6.011043433905771,4.9663264951887856,0.0,3.0,3.0,0.2857142857142857,60.07999999999996,1.014800000000004,21.732135520602082,21.722392696703903,1.3675943425644492,11.421533547275013,15.182388990302405,3.3380918416000993,1.3093073414541423,4.488079449269714,0.9258200998265577,0.9258200998265577,5.554920598644309,7.828519290760819,1.3093073414541423,1.7728105208840403,1.7728105208840403,1.7728105208840403,42.00741532465826,7.047158151460588,5.159070747145735,2.558307408379655,1e-05,0.9258200998265577,11.798389720639847,0.2034698997394944,5.256424640390081,1.7320508075977448,1.00000000005,1e-05,1.4142135624084504,2.451742937994473,1e-05,1.7320508075977448,1.7320508075977448,0.5345224839183902,0.5345224839183902,7.751128950036889,1.0073728208066783,223053.79591836772,222654.072128456,3.4980755273469475,17017.575216326524,53132.525268079065,124.16326530612244,2.9387755102040813,405.734693877551,0.7346938775510203,0.7346938775510203,952.1632653061221,3755.938775510203,2.9387755102040813,9.877551020408163,9.877551020408163,9.877551020408163,26.878657406826388,3113894.1283441065,2466.3577492557547,708.4120401656854,42.83619765931805,0.7346938775510203,0.0,0.7346938775510203,19377.196804000007,0.0017139599999999918,763.4168999999999,9.0,1.0,0.0,4.0,36.13264316430168,24.664398856814127,0.0,9.0,9.0,3609.6063999999956,1.029819040000008
424.538285714286,424.1450232525722,1.4616000000000036,112.59428571428568,209.61169390490863,10.0,1.7142857142857142,19.0,0.5714285714285714,0.5714285714285714,27.42857142857143,56.14285714285714,1.7142857142857142,2.571428571428571,2.571428571428571,2.571428571428571,5.835633849202085,1539.5774937765143,45.94584610030945,24.42702036021545,5.498211265993213,0.8571428571428571,0.0,0.5714285714285714,209.51599999999996,0.5592999999999999,52.6,4.0,0.0,0.0,1.0,8.658043322828295,5.287693700234703,1.0,0.0,0.0,0.2857142857142857,96.29999999999995,1.392499999999994,20.604326868752253,20.59478145678347,1.2089665008179522,10.611045458124552,14.47797271391988,3.162277660184191,1.3093073414541423,4.358898943552144,0.7559289460845983,0.7559289460845983,5.237229365673365,7.492853738260019,1.3093073414541423,1.6035674515057268,1.6035674515057268,1.6035674515057268,39.23745014366523,6.778336529002485,4.942369913342732,2.3448264895495385,1e-05,0.7559289460845983,14.474667526409716,0.7478636239983865,7.252585745794392,2.000000000025,1e-05,1e-05,1.00000000005,2.942455322163498,1.00000000005,1e-05,1e-05,0.5345224839183902,0.5345224839183902,9.813256340282768,1.1800423721629636,180232.75603722475,179899.00074992498,2.1362745600000106,12677.473175510195,43937.06222168511,100.0,2.9387755102040813,361.0,0.32653061224489793,0.32653061224489793,752.326530612245,3152.020408163265,2.9387755102040813,6.612244897959182,6.612244897959182,6.612244897959182,34.05462242195315,2370298.859343173,2111.0207738733216,596.6793236783802,30.230327125494686,0.7346938775510203,0.0,0.32653061224489793,43896.95425599998,0.3128164899999999,2766.76,16.0,0.0,0.0,1.0,74.96171417997162,27.959704667501764,1.0,0.0,0.0,9273.689999999991,1.9390562499999835
451.4277142857146,451.0141274845722,1.960114285714288,116.34857142857142,223.61487410489195,10.285714285714285,1.7142857142857142,19.857142857142858,0.8571428571428571,0.8571428571428571,29.42857142857143,60.14285714285714,1.7142857142857142,2.571428571428571,2.571428571428571,2.571428571428571,5.395322033510968,1727.2465489562098,48.80770548829376,26.08374818550019,5.899534248385148,0.8571428571428571,0.0,0.8571428571428571,209.51599999999996,0.5592999999999999,52.6,4.0,0.0,0.0,1.0,8.658043322828295,5.287693700234703,1.0,0.0,0.0,0.2857142857142857,109.43999999999996,0.3523000000000016,21.246828334737742,21.237093197626464,1.400040815767272,10.786499498385536,14.953757858979525,3.2071349029646825,1.3093073414541423,4.456135417291855,0.9258200998265577,0.9258200998265577,5.424810727451367,7.75518259894357,1.3093073414541423,1.6035674515057268,1.6035674515057268,1.6035674515057268,41.56015578599664,6.986251175587216,5.107225096429586,2.4288956849739654,1e-05,0.9258200998265577,14.474667526409716,0.7478636239983865,7.252585745794392,2.000000000025,1e-05,1e-05,1.00000000005,2.942455322163498,1.00000000005,1e-05,1e-05,0.5345224839183902,0.5345224839183902,10.461357464502393,0.5935486501543085,203786.9812252248,203413.74319066995,3.842048013061233,13536.990073469386,50003.61192094668,105.79591836734691,2.9387755102040813,394.30612244897964,0.7346938775510203,0.7346938775510203,866.0408163265307,3617.163265306122,2.9387755102040813,6.612244897959182,6.612244897959182,6.612244897959182,29.10949984528893,2983380.6408811365,2382.1921150320213,680.3619194045846,34.80450434786931,0.7346938775510203,0.0,0.7346938775510203,43896.95425599998,0.3128164899999999,2766.76,16.0,0.0,0.0,1.0,74.96171417997162,27.959704667501764,1.0,0.0,0.0,11977.11359999999,0.12411529000000114
445.1411428571431,444.72684768342936,2.034914285714288,108.84,221.47389528441212,9.714285714285714,1.7142857142857142,19.0,0.8571428571428571,0.8571428571428571,29.142857142857142,59.28571428571428,1.7142857142857142,2.571428571428571,2.571428571428571,2.571428571428571,5.3999782197008805,1705.5306044247343,48.06347334954673,25.780426483554614,5.8313235087174125,0.8571428571428571,0.5714285714285714,0.2857142857142857,209.51599999999996,0.5592999999999999,52.6,4.0,0.0,0.0,1.0,8.658043322828295,5.287693700234703,1.0,0.0,0.0,0.2857142857142857,83.15999999999997,0.6141000000000014,21.098368251057785,21.088547785078262,1.4265042186458083,10.432641084600773,14.881999035227496,3.1167748899119605,1.3093073414541423,4.358898943552144,0.9258200998265577,0.9258200998265577,5.398412465063886,7.699721701841845,1.3093073414541423,1.6035674515057268,1.6035674515057268,1.6035674515057268,41.29807022640204,6.932782511347571,5.077442907966038,2.4148133486498313,0.7559289460845983,0.5345224839183902,14.474667526409716,0.7478636239983865,7.252585745794392,2.000000000025,1e-05,1e-05,1.00000000005,2.942455322163498,1.00000000005,1e-05,1e-05,0.5345224839183902,0.5345224839183902,9.119210492147879,0.7836453280024078,198150.6370641635,197781.96905044018,4.1408761502040905,11846.145600000002,49050.686292450744,94.3673469387755,2.9387755102040813,361.0,0.7346938775510203,0.7346938775510203,849.3061224489795,3514.795918367346,2.9387755102040813,6.612244897959182,6.612244897959182,6.612244897959182,29.159764773243893,2908834.6426293994,2310.097470422589,664.6303896739641,34.004333863320355,0.7346938775510203,0.32653061224489793,0.08163265306122448,43896.95425599998,0.3128164899999999,2766.76,16.0,0.0,0.0,1.0,74.96171417997162,27.959704667501764,1.0,0.0,0.0,6915.585599999995,0.37711881000000175
433.398285714286,433.0006176160007,1.5276571428571462,116.94285714285712,213.1080280201585,10.285714285714285,1.7142857142857142,19.57142857142857,0.5714285714285714,0.5714285714285714,28.0,57.0,1.7142857142857142,2.571428571428571,2.571428571428571,2.571428571428571,5.634828541780994,1551.9258341758482,46.6135213269333,24.78688122421369,5.69361699405081,0.8571428571428571,0.0,0.5714285714285714,209.51599999999996,0.5592999999999999,52.6,4.0,0.0,0.0,1.0,8.658043322828295,5.287693700234703,1.0,0.0,0.0,0.2857142857142857,81.07999999999996,1.6236999999999937,20.818220041934083,20.808666887047345,1.2359842810315778,10.814012074293109,14.598220029176794,3.2071349029646825,1.3093073414541423,4.4239607334975934,0.7559289460845983,0.7559289460845983,5.29150262213863,7.549834435277372,1.3093073414541423,1.6035674515057268,1.6035674515057268,1.6035674515057268,39.39448989612568,6.827409561981272,4.978642508185709,2.386130129341401,1e-05,0.7559289460845983,14.474667526409716,0.7478636239983865,7.252585745794392,2.000000000025,1e-05,1e-05,1.00000000005,2.942455322163498,1.00000000005,1e-05,1e-05,0.5345224839183902,0.5345224839183902,9.004443347597894,1.2742448744648704,187834.07406008185,187489.53485583805,2.333736346122459,13675.631836734688,45415.03160664067,105.79591836734691,2.9387755102040813,383.04081632653055,0.32653061224489793,0.32653061224489793,784.0,3249.0,2.9387755102040813,6.612244897959182,6.612244897959182,6.612244897959182,31.751292695269722,2408473.7947824025,2172.820370496466,614.3894808232772,32.417274474944186,0.7346938775510203,0.0,0.32653061224489793,43896.95425599998,0.3128164899999999,2766.76,16.0,0.0,0.0,1.0,74.96171417997162,27.959704667501764,1.0,0.0,0.0,6573.966399999993,2.6364016899999796
460.2877142857146,459.8697218480008,2.0261714285714305,120.69714285714284,227.11120822014183,10.571428571428571,1.7142857142857142,20.428571428571427,0.8571428571428571,0.8571428571428571,30.0,61.0,1.7142857142857142,2.571428571428571,2.571428571428571,2.571428571428571,5.194516726089876,1739.5948893555435,49.475380714917605,26.443609049498438,6.094939976442745,0.8571428571428571,0.0,0.8571428571428571,209.51599999999996,0.5592999999999999,52.6,4.0,0.0,0.0,1.0,8.658043322828295,5.287693700234703,1.0,0.0,0.0,0.2857142857142857,94.21999999999996,0.1211000000000019,21.45431691491982,21.444573249381783,1.4234364856471224,10.986225141386956,15.07020929583401,3.2513733362271044,1.3093073414541423,4.519797719884312,0.9258200998265577,0.9258200998265577,5.47722557506079,7.810249675913056,1.3093073414541423,1.6035674515057268,1.6035674515057268,1.6035674515057268,41.708451054380376,7.033873805735898,5.142334980298195,2.4687932227188947,1e-05,0.9258200998265577,14.474667526409716,0.7478636239983865,7.252585745794392,2.000000000025,1e-05,1e-05,1.00000000005,2.942455322163498,1.00000000005,1e-05,1e-05,0.5345224839183902,0.5345224839183902,9.70669871790095,0.3479942529697896,211864.77992236766,211480.16107255762,4.105370657959192,14567.800293877546,51579.50089921262,111.75510204081633,2.9387755102040813,417.3265306122448,0.7346938775510203,0.7346938775510203,900.0,3721.0,2.9387755102040813,6.612244897959182,6.612244897959182,6.612244897959182,26.983004017627486,3026190.3790719258,2447.813296886041,699.2644595627156,37.1482933164399,0.7346938775510203,0.0,0.7346938775510203,43896.95425599998,0.3128164899999999,2766.76,16.0,0.0,0.0,1.0,74.96171417997162,27.959704667501764,1.0,0.0,0.0,8877.408399999991,0.014665210000000461
464.29542857142894,463.874193294858,2.0759142857142883,120.69714285714284,229.7326033957796,10.571428571428571,1.7142857142857142,20.71428571428571,0.8571428571428571,0.8571428571428571,30.285714285714285,61.85714285714285,1.7142857142857142,2.571428571428571,2.571428571428571,2.571428571428571,5.236959769385942,1764.61693968831,50.18966642920332,26.800751906641292,6.106550169594092,0.8571428571428571,0.0,0.8571428571428571,209.51599999999996,0.5592999999999999,52.6,4.0,0.0,0.0,1.0,8.658043322828295,5.287693700234703,1.0,0.0,0.0,0.2857142857142857,94.21999999999996,0.2952000000000029,21.547515600911602,21.537738815738248,1.4408033473775275,10.986225141386956,15.156932519341755,3.2513733362271044,1.3093073414541423,4.551294949174983,0.9258200998265577,0.9258200998265577,5.503245795511434,7.864931204863959,1.3093073414541423,1.6035674515057268,1.6035674515057268,1.6035674515057268,42.007343878046015,7.0844665592621245,5.176944263437775,2.471143494355213,1e-05,0.9258200998265577,14.474667526409716,0.7478636239983865,7.252585745794392,2.000000000025,1e-05,1e-05,1.00000000005,2.942455322163498,1.00000000005,1e-05,1e-05,0.5345224839183902,0.5345224839183902,9.70669871790095,0.543323108380274,215570.2449923269,215179.26720495528,4.309420121632663,14567.800293877546,52777.069063002564,111.75510204081633,2.9387755102040813,429.0816326530611,0.7346938775510203,0.7346938775510203,917.2244897959183,3826.3061224489784,2.9387755102040813,6.612244897959182,6.612244897959182,6.612244897959182,27.42574762616686,3113872.9438349362,2519.002616274699,718.2803027613369,37.28995497376963,0.7346938775510203,0.0,0.7346938775510203,43896.95425599998,0.3128164899999999,2766.76,16.0,0.0,0.0,1.0,74.96171417997162,27.959704667501764,1.0,0.0,0.0,8877.408399999991,0.08714304000000171
454.0011428571431,453.58244204685786,2.1009714285714307,113.1885714285714,224.9702293996621,10.0,1.7142857142857142,19.57142857142857,0.8571428571428571,0.8571428571428571,29.714285714285715,60.14285714285714,1.7142857142857142,2.571428571428571,2.571428571428571,2.571428571428571,5.1991729122797885,1717.8789448240684,48.73114857617058,26.140287347552857,6.02672923677501,0.8571428571428571,0.5714285714285714,0.2857142857142857,209.51599999999996,0.5592999999999999,52.6,4.0,0.0,0.0,1.0,8.658043322828295,5.287693700234703,1.0,0.0,0.0,0.2857142857142857,67.93999999999997,0.3829000000000017,21.307302571119674,21.297475015760856,1.4494728106009547,10.639011769364267,14.99900761383106,3.162277660184191,1.3093073414541423,4.4239607334975934,0.9258200998265577,0.9258200998265577,5.451081150963147,7.75518259894357,1.3093073414541423,1.6035674515057268,1.6035674515057268,1.6035674515057268,41.44730322740152,6.980769912858508,5.112757313588515,2.4549397623719833,0.7559289460845983,0.5345224839183902,14.474667526409716,0.7478636239983865,7.252585745794392,2.000000000025,1e-05,1e-05,1.00000000005,2.942455322163498,1.00000000005,1e-05,1e-05,0.5345224839183902,0.5345224839183902,8.242572414004014,0.6187891402570036,206117.03771559207,205737.03173319116,4.414080943673478,12811.652702040808,50611.60411613659,100.0,2.9387755102040813,383.04081632653055,0.7346938775510203,0.7346938775510203,882.9387755102041,3617.163265306122,2.9387755102040813,6.612244897959182,6.612244897959182,6.612244897959182,27.031398971783897,2951108.069069855,2374.724841552812,683.314622612632,36.321465293398695,0.7346938775510203,0.32653061224489793,0.08163265306122448,43896.95425599998,0.3128164899999999,2766.76,16.0,0.0,0.0,1.0,74.96171417997162,27.959704667501764,1.0,0.0,0.0,4615.843599999996,0.14661241000000128
464.8588571428575,464.439697453715,1.9018857142857173,123.3342857142857,228.57222114285796,10.857142857142858,1.7142857142857142,20.71428571428571,0.8571428571428571,0.8571428571428571,30.285714285714285,61.28571428571428,1.7142857142857142,2.571428571428571,2.571428571428571,2.571428571428571,5.334126848329796,1721.515526470526,49.677411223828045,26.574210986980304,6.223680424166044,0.8571428571428571,0.0,0.8571428571428571,209.51599999999996,0.5592999999999999,52.6,4.0,0.0,0.0,1.0,8.658043322828295,5.287693700234703,1.0,0.0,0.0,0.2857142857142857,58.70999999999992,2.9334999999999933,21.56058573283568,21.550863032691172,1.3790887260744746,11.105597044481026,15.118605132185904,3.2950178842068305,1.3093073414541423,4.551294949174983,0.9258200998265577,0.9258200998265577,5.503245795511434,7.828519290760819,1.3093073414541423,1.6035674515057268,1.6035674515057268,1.6035674515057268,41.491149977683506,7.048220429578522,5.155018039452462,2.4947305313933295,1e-05,0.9258200998265577,14.474667526409716,0.7478636239983865,7.252585745794392,2.000000000025,1e-05,1e-05,1.00000000005,2.942455322163498,1.00000000005,1e-05,1e-05,0.5345224839183902,0.5345224839183902,7.662245101802729,1.7127463326774321,216093.75706416363,215704.2325708983,3.617169270204093,15211.346032653057,52245.260278179565,117.87755102040818,2.9387755102040813,429.0816326530611,0.7346938775510203,0.7346938775510203,917.2244897959183,3755.938775510203,2.9387755102040813,6.612244897959182,6.612244897959182,6.612244897959182,28.452909234072763,2963615.7078790925,2467.8451859013167,706.1886895805447,38.73419802214764,0.7346938775510203,0.0,0.7346938775510203,43896.95425599998,0.3128164899999999,2766.76,16.0,0.0,0.0,1.0,74.96171417997162,27.959704667501764,1.0,0.0,0.0,3446.864099999991,8.605422249999961
491.74828571428606,491.3088016857152,2.400400000000002,127.08857142857144,242.57540134284125,11.142857142857142,1.7142857142857142,21.57142857142857,1.1428571428571428,1.1428571428571428,32.285714285714285,65.28571428571428,1.7142857142857142,2.571428571428571,2.571428571428571,2.571428571428571,4.893815032638679,1909.1845816502207,52.53927061181235,28.23093881226505,6.625003406557978,0.8571428571428571,0.0,1.1428571428571428,209.51599999999996,0.5592999999999999,52.6,4.0,0.0,0.0,1.0,8.658043322828295,5.287693700234703,1.0,0.0,0.0,0.2857142857142857,71.84999999999994,1.1886999999999976,22.17539820869934,22.165486723413387,1.5493224325814179,11.27335670635288,15.574832305451679,3.3380918416000993,1.3093073414541423,4.644505202013296,1.0690449676964682,1.0690449676964682,5.68205194325204,8.079957567080058,1.3093073414541423,1.6035674515057268,1.6035674515057268,1.6035674515057268,43.6942167986831,7.248397796196919,5.313279478096842,2.5739081970144113,1e-05,1.0690449676964682,14.474667526409716,0.7478636239983865,7.252585745794392,2.000000000025,1e-05,1e-05,1.00000000005,2.942455322163498,1.00000000005,1e-05,1e-05,0.5345224839183902,0.5345224839183902,8.476437931118232,1.0902751946641718,241816.37650293912,241384.3386138534,5.76192016000001,16151.504987755105,58842.825336640504,124.16326530612244,2.9387755102040813,465.3265306122448,1.3061224489795917,1.3061224489795917,1042.3673469387754,4262.224489795917,2.9387755102040813,6.612244897959182,6.612244897959182,6.612244897959182,23.94942557368032,3644985.7668109285,2760.3749564212485,796.9859062218533,43.89067013690481,0.7346938775510203,0.0,1.3061224489795917,43896.95425599998,0.3128164899999999,2766.76,16.0,0.0,0.0,1.0,74.96171417997162,27.959704667501764,1.0,0.0,0.0,5162.422499999991,1.4130076899999944
495.7560000000004,495.31327313257225,2.4501428571428594,127.08857142857144,245.196796518479,11.142857142857142,1.7142857142857142,21.85714285714285,1.1428571428571428,1.1428571428571428,32.57142857142857,66.14285714285714,1.7142857142857142,2.571428571428571,2.571428571428571,2.571428571428571,4.936258075934743,1934.206631982988,53.253556326098064,28.588081669407902,6.636613599709326,0.8571428571428571,0.0,1.1428571428571428,209.51599999999996,0.5592999999999999,52.6,4.0,0.0,0.0,1.0,8.658043322828295,5.287693700234703,1.0,0.0,0.0,0.2857142857142857,71.84999999999994,1.0145999999999966,22.26557881574383,22.255634637832106,1.5652932176569536,11.27335670635288,15.65876101479868,3.3380918416000993,1.3093073414541423,4.675162334854572,1.0690449676964682,1.0690449676964682,5.707138387276812,8.132825901429166,1.3093073414541423,1.6035674515057268,1.6035674515057268,1.6035674515057268,43.97961609635864,7.297503431050791,5.346782366013031,2.5761625724727324,1e-05,1.0690449676964682,14.474667526409716,0.7478636239983865,7.252585745794392,2.000000000025,1e-05,1e-05,1.00000000005,2.942455322163498,1.00000000005,1e-05,1e-05,0.5345224839183902,0.5345224839183902,8.476437931118232,1.0072735478011903,245774.0115360004,245335.23854130213,6.003200020408174,16151.504987755105,60121.4690229244,124.16326530612244,2.9387755102040813,477.73469387755074,1.3061224489795917,1.3061224489795917,1060.8979591836733,4374.877551020408,2.9387755102040813,6.612244897959182,6.612244897959182,6.612244897959182,24.366643792230974,3741155.2952069743,2835.941261376899,817.2784135367361,44.04464007184678,0.7346938775510203,0.0,1.3061224489795917,43896.95425599998,0.3128164899999999,2766.76,16.0,0.0,0.0,1.0,74.96171417997162,27.959704667501764,1.0,0.0,0.0,5162.422499999991,1.0294131599999932
485.4617142857146,485.02152188457217,2.475200000000002,119.58,240.4344225223615,10.571428571428571,1.7142857142857142,20.71428571428571,1.1428571428571428,1.1428571428571428,32.0,64.42857142857143,1.7142857142857142,2.571428571428571,2.571428571428571,2.571428571428571,4.898471218828592,1887.468637118746,51.79503847306532,27.927617110319467,6.556792666890242,0.8571428571428571,0.5714285714285714,0.5714285714285714,209.51599999999996,0.5592999999999999,52.6,4.0,0.0,0.0,1.0,8.658043322828295,5.287693700234703,1.0,0.0,0.0,0.2857142857142857,45.569999999999936,0.9268999999999978,22.033195734750205,22.02320416934539,1.5732768351755522,10.935264057173013,15.505947972389869,3.2513733362271044,1.3093073414541423,4.551294949174983,1.0690449676964682,1.0690449676964682,5.656854249501219,8.026741021652027,1.3093073414541423,1.6035674515057268,1.6035674515057268,1.6035674515057268,43.4450070447554,7.196876994444557,5.284658655998461,2.560623491845344,0.7559289460845983,0.7559289460845983,14.474667526409716,0.7478636239983865,7.252585745794392,2.000000000025,1e-05,1e-05,1.00000000005,2.942455322163498,1.00000000005,1e-05,1e-05,0.5345224839183902,0.5345224839183902,6.750555532702471,0.9627564593914693,235673.0760372248,235245.87669122653,6.126615040000009,14299.3764,57808.71153366146,111.75510204081633,2.9387755102040813,429.0816326530611,1.3061224489795917,1.3061224489795917,1024.0,4151.040816326531,2.9387755102040813,6.612244897959182,6.612244897959182,6.612244897959182,23.995020281692074,3562537.856106897,2682.7260104263164,779.9517974606086,42.991530076585654,0.7346938775510203,0.32653061224489793,0.32653061224489793,43896.95425599998,0.3128164899999999,2766.76,16.0,0.0,0.0,1.0,74.96171417997162,27.959704667501764,1.0,0.0,0.0,2076.6248999999943,0.859143609999996
472.2857142857147,471.862344469715,1.870314285714288,130.45142857142855,230.5049354527557,11.142857142857142,1.7142857142857142,20.142857142857142,0.8571428571428571,0.8571428571428571,30.85714285714285,61.28571428571428,1.7142857142857142,3.142857142857143,3.142857142857143,3.142857142857143,5.18446307796925,1764.622942258234,49.6624380115974,26.616010973954857,6.5449367956702265,0.8571428571428571,0.0,0.8571428571428571,209.51599999999996,0.5592999999999999,52.6,4.0,0.0,0.0,1.0,8.658043322828295,5.287693700234703,1.0,0.0,0.0,0.2857142857142857,60.07999999999996,1.014800000000004,21.732135520602082,21.722392696703903,1.3675943425644492,11.421533547275013,15.182388990302405,3.3380918416000993,1.3093073414541423,4.488079449269714,0.9258200998265577,0.9258200998265577,5.554920598644309,7.828519290760819,1.3093073414541423,1.7728105208840403,1.7728105208840403,1.7728105208840403,42.00741532465826,7.047158151460588,5.159070747145735,2.558307408379655,1e-05,0.9258200998265577,14.474667526409716,0.7478636239983865,7.252585745794392,2.000000000025,1e-05,1e-05,1.00000000005,2.942455322163498,1.00000000005,1e-05,1e-05,0.5345224839183902,0.5345224839183902,7.751128950036889,1.0073728208066783,223053.79591836772,222654.072128456,3.4980755273469475,17017.575216326524,53132.525268079065,124.16326530612244,2.9387755102040813,405.734693877551,0.7346938775510203,0.7346938775510203,952.1632653061221,3755.938775510203,2.9387755102040813,9.877551020408163,9.877551020408163,9.877551020408163,26.878657406826388,3113894.1283441065,2466.3577492557547,708.4120401656854,42.83619765931805,0.7346938775510203,0.0,0.7346938775510203,43896.95425599998,0.3128164899999999,2766.76,16.0,0.0,0.0,1.0,74.96171417997162,27.959704667501764,1.0,0.0,0.0,3609.6063999999956,1.029819040000008
461.9914285714289,461.5705932217151,1.8953714285714305,122.94285714285714,225.7425614566382,10.571428571428571,1.7142857142857142,19.0,0.8571428571428571,0.8571428571428571,30.285714285714285,59.57142857142857,1.7142857142857142,3.142857142857143,3.142857142857143,3.142857142857143,5.146676220863097,1717.8849473939924,48.20392015856465,25.95554641486642,6.465115862851143,0.8571428571428571,0.5714285714285714,0.2857142857142857,209.51599999999996,0.5592999999999999,52.6,4.0,0.0,0.0,1.0,8.658043322828295,5.287693700234703,1.0,0.0,0.0,0.2857142857142857,33.799999999999955,1.1025000000000027,21.493985869808533,21.484194032400076,1.3767248921521795,11.087960008178111,15.024731660057633,3.2513733362271044,1.3093073414541423,4.358898943552144,0.9258200998265577,0.9258200998265577,5.503245795511434,7.718252948143678,1.3093073414541423,1.7728105208840403,1.7728105208840403,1.7728105208840403,41.4473756394068,6.9429043028594775,5.094658616135768,2.542659210934714,0.7559289460845983,0.5345224839183902,14.474667526409716,0.7478636239983865,7.252585745794392,2.000000000025,1e-05,1e-05,1.00000000005,2.942455322163498,1.00000000005,1e-05,1e-05,0.5345224839183902,0.5345224839183902,5.8137767415080495,1.0500000000476204,213436.0800734697,213047.412527046,3.5924328522449054,15114.946122448979,50959.70405300408,111.75510204081633,2.9387755102040813,361.0,0.7346938775510203,0.7346938775510203,917.2244897959183,3548.755102040816,2.9387755102040813,9.877551020408163,9.877551020408163,9.877551020408163,26.48827612239765,2951128.6924828603,2323.6179186532754,673.690389694285,41.797723120089486,0.7346938775510203,0.32653061224489793,0.08163265306122448,43896.95425599998,0.3128164899999999,2766.76,16.0,0.0,0.0,1.0,74.96171417997162,27.959704667501764,1.0,0.0,0.0,1142.4399999999969,1.215506250000006
472.2857142857147,471.862344469715,1.870314285714288,130.45142857142855,230.5049354527557,11.142857142857142,1.7142857142857142,20.142857142857142,0.8571428571428571,0.8571428571428571,30.85714285714285,61.28571428571428,1.7142857142857142,3.142857142857143,3.142857142857143,3.142857142857143,5.18446307796925,1764.622942258234,49.6624380115974,26.616010973954857,6.5449367956702265,0.8571428571428571,0.0,0.8571428571428571,183.478,0.0250999999999999,52.6,4.0,0.0,2.0,0.0,8.563376623376623,4.125897657686229,1.0,0.0,0.0,0.2857142857142857,60.07999999999996,1.014800000000004,21.732135520602082,21.722392696703903,1.3675943425644492,11.421533547275013,15.182388990302405,3.3380918416000993,1.3093073414541423,4.488079449269714,0.9258200998265577,0.9258200998265577,5.554920598644309,7.828519290760819,1.3093073414541423,1.7728105208840403,1.7728105208840403,1.7728105208840403,42.00741532465826,7.047158151460588,5.159070747145735,2.558307408379655,1e-05,0.9258200998265577,13.545405124989802,0.15842979549314548,7.252585745794392,2.000000000025,1e-05,1.4142135624084504,1e-05,2.9263247638422882,1.00000000005,1e-05,1e-05,0.5345224839183902,0.5345224839183902,7.751128950036889,1.0073728208066783,223053.79591836772,222654.072128456,3.4980755273469475,17017.575216326524,53132.525268079065,124.16326530612244,2.9387755102040813,405.734693877551,0.7346938775510203,0.7346938775510203,952.1632653061221,3755.938775510203,2.9387755102040813,9.877551020408163,9.877551020408163,9.877551020408163,26.878657406826388,3113894.1283441065,2466.3577492557547,708.4120401656854,42.83619765931805,0.7346938775510203,0.0,0.7346938775510203,33664.176484,0.000630009999999995,2766.76,16.0,0.0,4.0,0.0,73.33141919379321,17.023031481700713,1.0,0.0,0.0,3609.6063999999956,1.029819040000008
