MolWt,ExactMolWt,LogP,TPSA,LabuteASA,NumHAcceptors,NumHDonors,NumRotatableBonds,NumAromaticRings,NumRings,HeavyAtomCount,NumBonds,NumHydroxyl,NumEster,NumEther,NumCO,BalabanJ,BertzCT,Chi0,Chi1,Kappa1,NumDisulfide,NumBenzene,NumFuran,Cat_MolWt,Cat_LogP,Cat_TPSA,Cat_NumHAcceptors,Cat_NumHDonors,Cat_NumRotatableBonds,Cat_NumRings,Cat_Kappa1,Cat_Chi1,Cat_NumMetalAtoms,Cat_NumN,Cat_CoordinationPotential,Ratio_B,Polarity_Diff_AB,LogP_Diff_AB
424.538285714286,424.1450232525722,1.4616000000000036,112.59428571428568,209.61169390490863,10.0,1.7142857142857142,19.0,0.5714285714285714,0.5714285714285714,27.42857142857143,56.14285714285714,1.7142857142857142,2.571428571428571,2.571428571428571,2.571428571428571,5.835633849202085,1539.5774937765143,45.94584610030945,24.42702036021545,5.498211265993213,0.8571428571428571,0.0,0.5714285714285714,139.20200000000003,0.0413999999999999,27.63,3.0,1.0,0.0,2.0,6.011043433905771,4.9663264951887856,0.0,3.0,3.0,0.2857142857142857,96.29999999999995,1.392499999999994
447.4200000000003,447.0096560377151,1.7998285714285742,116.34857142857142,220.9934789292541,10.285714285714285,1.7142857142857142,19.57142857142857,0.8571428571428571,0.8571428571428571,29.142857142857142,59.28571428571428,1.7142857142857142,2.571428571428571,2.571428571428571,2.571428571428571,5.353975464039928,1696.6477185129525,48.09341977400804,25.726605328357337,5.889465103819234,0.8571428571428571,0.0,0.8571428571428571,139.20200000000003,0.0413999999999999,27.63,3.0,1.0,0.0,2.0,6.011043433905771,4.9663264951887856,0.0,3.0,3.0,0.2857142857142857,109.43999999999996,0.2086999999999962
451.4277142857146,451.0141274845722,1.960114285714288,116.34857142857142,223.61487410489195,10.285714285714285,1.7142857142857142,19.857142857142858,0.8571428571428571,0.8571428571428571,29.42857142857143,60.14285714285714,1.7142857142857142,2.571428571428571,2.571428571428571,2.571428571428571,5.395322033510968,1727.2465489562098,48.80770548829376,26.08374818550019,5.899534248385148,0.8571428571428571,0.0,0.8571428571428571,139.20200000000003,0.0413999999999999,27.63,3.0,1.0,0.0,2.0,6.011043433905771,4.9663264951887856,0.0,3.0,3.0,0.2857142857142857,109.43999999999996,0.3523000000000016
455.4354285714289,455.0185989314293,2.009857142857145,116.34857142857142,226.2362692805297,10.285714285714285,1.7142857142857142,20.142857142857142,0.8571428571428571,0.8571428571428571,29.714285714285715,61.0,1.7142857142857142,2.571428571428571,2.571428571428571,2.571428571428571,5.4377650768070325,1752.268599288976,49.52199120257947,26.44089104264305,5.911144441536496,0.8571428571428571,0.0,0.8571428571428571,139.20200000000003,0.0413999999999999,27.63,3.0,1.0,0.0,2.0,6.011043433905771,4.9663264951887856,0.0,3.0,3.0,0.2857142857142857,109.43999999999996,0.5264000000000026
445.1411428571431,444.72684768342936,2.034914285714288,108.84,221.47389528441212,9.714285714285714,1.7142857142857142,19.0,0.8571428571428571,0.8571428571428571,29.142857142857142,59.28571428571428,1.7142857142857142,2.571428571428571,2.571428571428571,2.571428571428571,5.3999782197008805,1705.5306044247343,48.06347334954673,25.780426483554614,5.8313235087174125,0.8571428571428571,0.5714285714285714,0.2857142857142857,139.20200000000003,0.0413999999999999,27.63,3.0,1.0,0.0,2.0,6.011043433905771,4.9663264951887856,0.0,3.0,3.0,0.2857142857142857,83.15999999999997,0.6141000000000014
433.398285714286,433.0006176160007,1.5276571428571462,116.94285714285712,213.1080280201585,10.285714285714285,1.7142857142857142,19.57142857142857,0.5714285714285714,0.5714285714285714,28.0,57.0,1.7142857142857142,2.571428571428571,2.571428571428571,2.571428571428571,5.634828541780994,1551.9258341758482,46.6135213269333,24.78688122421369,5.69361699405081,0.8571428571428571,0.0,0.5714285714285714,139.20200000000003,0.0413999999999999,27.63,3.0,1.0,0.0,2.0,6.011043433905771,4.9663264951887856,0.0,3.0,3.0,0.2857142857142857,81.07999999999996,1.6236999999999937
456.2800000000003,455.8652504011436,1.865885714285717,120.69714285714284,224.4898130445041,10.571428571428571,1.7142857142857142,20.142857142857142,0.8571428571428571,0.8571428571428571,29.714285714285715,60.14285714285714,1.7142857142857142,2.571428571428571,2.571428571428571,2.571428571428571,5.153170156618838,1708.996058912286,48.76109500063189,26.08646619235558,6.084870831876831,0.8571428571428571,0.0,0.8571428571428571,139.20200000000003,0.0413999999999999,27.63,3.0,1.0,0.0,2.0,6.011043433905771,4.9663264951887856,0.0,3.0,3.0,0.2857142857142857,94.21999999999996,0.4398999999999959
460.2877142857146,459.8697218480008,2.0261714285714305,120.69714285714284,227.11120822014183,10.571428571428571,1.7142857142857142,20.428571428571427,0.8571428571428571,0.8571428571428571,30.0,61.0,1.7142857142857142,2.571428571428571,2.571428571428571,2.571428571428571,5.194516726089876,1739.5948893555435,49.475380714917605,26.443609049498438,6.094939976442745,0.8571428571428571,0.0,0.8571428571428571,139.20200000000003,0.0413999999999999,27.63,3.0,1.0,0.0,2.0,6.011043433905771,4.9663264951887856,0.0,3.0,3.0,0.2857142857142857,94.21999999999996,0.1211000000000019
464.29542857142894,463.874193294858,2.0759142857142883,120.69714285714284,229.7326033957796,10.571428571428571,1.7142857142857142,20.71428571428571,0.8571428571428571,0.8571428571428571,30.285714285714285,61.85714285714285,1.7142857142857142,2.571428571428571,2.571428571428571,2.571428571428571,5.236959769385942,1764.61693968831,50.18966642920332,26.800751906641292,6.106550169594092,0.8571428571428571,0.0,0.8571428571428571,139.20200000000003,0.0413999999999999,27.63,3.0,1.0,0.0,2.0,6.011043433905771,4.9663264951887856,0.0,3.0,3.0,0.2857142857142857,94.21999999999996,0.2952000000000029
454.0011428571431,453.58244204685786,2.1009714285714307,113.1885714285714,224.9702293996621,10.0,1.7142857142857142,19.57142857142857,0.8571428571428571,0.8571428571428571,29.714285714285715,60.14285714285714,1.7142857142857142,2.571428571428571,2.571428571428571,2.571428571428571,5.1991729122797885,1717.8789448240684,48.73114857617058,26.140287347552857,6.02672923677501,0.8571428571428571,0.5714285714285714,0.2857142857142857,139.20200000000003,0.0413999999999999,27.63,3.0,1.0,0.0,2.0,6.011043433905771,4.9663264951887856,0.0,3.0,3.0,0.2857142857142857,67.93999999999997,0.3829000000000017
464.8588571428575,464.439697453715,1.9018857142857173,123.3342857142857,228.57222114285796,10.857142857142858,1.7142857142857142,20.71428571428571,0.8571428571428571,0.8571428571428571,30.285714285714285,61.28571428571428,1.7142857142857142,2.571428571428571,2.571428571428571,2.571428571428571,5.334126848329796,1721.515526470526,49.677411223828045,26.574210986980304,6.223680424166044,0.8571428571428571,0.0,0.8571428571428571,139.20200000000003,0.0413999999999999,27.63,3.0,1.0,0.0,2.0,6.011043433905771,4.9663264951887856,0.0,3.0,3.0,0.2857142857142857,58.70999999999992,2.9334999999999933
487.7405714285717,487.3043302388579,2.2401142857142884,127.08857142857144,239.9540061672035,11.142857142857142,1.7142857142857142,21.285714285714285,1.1428571428571428,1.1428571428571428,32.0,64.42857142857143,1.7142857142857142,2.571428571428571,2.571428571428571,2.571428571428571,4.85246846316764,1878.585751206964,51.82498489752663,27.87379595512219,6.614934261992065,0.8571428571428571,0.0,1.1428571428571428,139.20200000000003,0.0413999999999999,27.63,3.0,1.0,0.0,2.0,6.011043433905771,4.9663264951887856,0.0,3.0,3.0,0.2857142857142857,71.84999999999994,1.7496999999999956
491.74828571428606,491.3088016857152,2.400400000000002,127.08857142857144,242.57540134284125,11.142857142857142,1.7142857142857142,21.57142857142857,1.1428571428571428,1.1428571428571428,32.285714285714285,65.28571428571428,1.7142857142857142,2.571428571428571,2.571428571428571,2.571428571428571,4.893815032638679,1909.1845816502207,52.53927061181235,28.23093881226505,6.625003406557978,0.8571428571428571,0.0,1.1428571428571428,139.20200000000003,0.0413999999999999,27.63,3.0,1.0,0.0,2.0,6.011043433905771,4.9663264951887856,0.0,3.0,3.0,0.2857142857142857,71.84999999999994,1.1886999999999976
495.7560000000004,495.31327313257225,2.4501428571428594,127.08857142857144,245.196796518479,11.142857142857142,1.7142857142857142,21.85714285714285,1.1428571428571428,1.1428571428571428,32.57142857142857,66.14285714285714,1.7142857142857142,2.571428571428571,2.571428571428571,2.571428571428571,4.936258075934743,1934.206631982988,53.253556326098064,28.588081669407902,6.636613599709326,0.8571428571428571,0.0,1.1428571428571428,139.20200000000003,0.0413999999999999,27.63,3.0,1.0,0.0,2.0,6.011043433905771,4.9663264951887856,0.0,3.0,3.0,0.2857142857142857,71.84999999999994,1.0145999999999966
485.4617142857146,485.02152188457217,2.475200000000002,119.58,240.4344225223615,10.571428571428571,1.7142857142857142,20.71428571428571,1.1428571428571428,1.1428571428571428,32.0,64.42857142857143,1.7142857142857142,2.571428571428571,2.571428571428571,2.571428571428571,4.898471218828592,1887.468637118746,51.79503847306532,27.927617110319467,6.556792666890242,0.8571428571428571,0.5714285714285714,0.5714285714285714,139.20200000000003,0.0413999999999999,27.63,3.0,1.0,0.0,2.0,6.011043433905771,4.9663264951887856,0.0,3.0,3.0,0.2857142857142857,45.569999999999936,0.9268999999999978
441.3885714285717,440.9887687908579,1.3220571428571462,126.69714285714284,213.88036007713464,10.857142857142858,1.7142857142857142,19.0,0.5714285714285714,0.5714285714285714,28.57142857142857,56.428571428571416,1.7142857142857142,3.142857142857143,3.142857142857143,3.142857142857143,5.582331850364302,1551.9318367457724,46.086292909327376,24.602140291527256,6.132003620126943,0.8571428571428571,0.0,0.5714285714285714,139.20200000000003,0.0413999999999999,27.63,3.0,1.0,0.0,2.0,6.011043433905771,4.9663264951887856,0.0,3.0,3.0,0.2857142857142857,46.93999999999994,0.9040999999999926
464.2702857142861,463.8534015760007,1.6602857142857168,130.45142857142855,225.2621451014802,11.142857142857142,1.7142857142857142,19.57142857142857,0.8571428571428571,0.8571428571428571,30.285714285714285,59.57142857142857,1.7142857142857142,3.142857142857143,3.142857142857143,3.142857142857143,5.100673465202146,1709.0020614822104,48.23386658302597,25.901725259669146,6.523257457952964,0.8571428571428571,0.0,0.8571428571428571,139.20200000000003,0.0413999999999999,27.63,3.0,1.0,0.0,2.0,6.011043433905771,4.9663264951887856,0.0,3.0,3.0,0.2857142857142857,60.07999999999996,0.279700000000005
468.2780000000004,467.8578730228579,1.8205714285714305,130.45142857142855,227.883540277118,11.142857142857142,1.7142857142857142,19.857142857142858,0.8571428571428571,0.8571428571428571,30.57142857142857,60.428571428571416,1.7142857142857142,3.142857142857143,3.142857142857143,3.142857142857143,5.142020034673184,1739.600891925468,48.94815229731168,26.258868116812,6.533326602518878,0.8571428571428571,0.0,0.8571428571428571,139.20200000000003,0.0413999999999999,27.63,3.0,1.0,0.0,2.0,6.011043433905771,4.9663264951887856,0.0,3.0,3.0,0.2857142857142857,60.07999999999996,0.8407000000000029
472.2857142857147,471.862344469715,1.870314285714288,130.45142857142855,230.5049354527557,11.142857142857142,1.7142857142857142,20.142857142857142,0.8571428571428571,0.8571428571428571,30.85714285714285,61.28571428571428,1.7142857142857142,3.142857142857143,3.142857142857143,3.142857142857143,5.18446307796925,1764.622942258234,49.6624380115974,26.616010973954857,6.5449367956702265,0.8571428571428571,0.0,0.8571428571428571,139.20200000000003,0.0413999999999999,27.63,3.0,1.0,0.0,2.0,6.011043433905771,4.9663264951887856,0.0,3.0,3.0,0.2857142857142857,60.07999999999996,1.014800000000004
461.9914285714289,461.5705932217151,1.8953714285714305,122.94285714285714,225.7425614566382,10.571428571428571,1.7142857142857142,19.0,0.8571428571428571,0.8571428571428571,30.285714285714285,59.57142857142857,1.7142857142857142,3.142857142857143,3.142857142857143,3.142857142857143,5.146676220863097,1717.8849473939924,48.20392015856465,25.95554641486642,6.465115862851143,0.8571428571428571,0.5714285714285714,0.2857142857142857,139.20200000000003,0.0413999999999999,27.63,3.0,1.0,0.0,2.0,6.011043433905771,4.9663264951887856,0.0,3.0,3.0,0.2857142857142857,33.799999999999955,1.1025000000000027
472.8491428571432,472.42784862857206,1.6962857142857175,133.0885714285714,229.344553199834,11.428571428571429,1.7142857142857142,20.142857142857142,0.8571428571428571,0.8571428571428571,30.85714285714285,60.71428571428571,1.7142857142857142,3.142857142857143,3.142857142857143,3.142857142857143,5.308926486491668,1721.5582862066983,49.15018280622212,26.389470054293863,6.664523338764198,0.8571428571428571,0.0,0.8571428571428571,139.20200000000003,0.0413999999999999,27.63,3.0,1.0,0.0,2.0,6.011043433905771,4.9663264951887856,0.0,3.0,3.0,0.2857142857142857,24.569999999999936,2.213899999999993
495.73085714285753,495.292481413715,2.0345142857142884,136.84285714285713,240.72633822417956,11.714285714285714,1.7142857142857142,20.71428571428571,1.1428571428571428,1.1428571428571428,32.57142857142857,63.85714285714285,1.7142857142857142,3.142857142857143,3.142857142857143,3.142857142857143,4.827268101329511,1878.6285109431365,51.29775647992071,27.689055022435756,7.055777176590219,0.8571428571428571,0.0,1.1428571428571428,139.20200000000003,0.0413999999999999,27.63,3.0,1.0,0.0,2.0,6.011043433905771,4.9663264951887856,0.0,3.0,3.0,0.2857142857142857,37.70999999999995,1.0300999999999958
499.73857142857184,499.2969528605722,2.194800000000002,136.84285714285713,243.34773339981732,11.714285714285714,1.7142857142857142,21.0,1.1428571428571428,1.1428571428571428,32.857142857142854,64.71428571428571,1.7142857142857142,3.142857142857143,3.142857142857143,3.142857142857143,4.86861467080055,1909.2273413863936,52.012042194206416,28.046197879578614,7.065846321156132,0.8571428571428571,0.0,1.1428571428571428,139.20200000000003,0.0413999999999999,27.63,3.0,1.0,0.0,2.0,6.011043433905771,4.9663264951887856,0.0,3.0,3.0,0.2857142857142857,37.70999999999995,0.4690999999999978
503.74628571428616,503.3014243074293,2.2445428571428594,136.84285714285713,245.9691285754551,11.714285714285714,1.7142857142857142,21.285714285714285,1.1428571428571428,1.1428571428571428,33.142857142857146,65.57142857142857,1.7142857142857142,3.142857142857143,3.142857142857143,3.142857142857143,4.911057714096615,1934.2493917191605,52.72632790849214,28.403340736721468,7.07745651430748,0.8571428571428571,0.0,1.1428571428571428,139.20200000000003,0.0413999999999999,27.63,3.0,1.0,0.0,2.0,6.011043433905771,4.9663264951887856,0.0,3.0,3.0,0.2857142857142857,37.70999999999995,0.2949999999999969
493.45200000000034,493.0096730594293,2.269600000000002,129.3342857142857,241.20675457933757,11.142857142857142,1.7142857142857142,20.142857142857142,1.1428571428571428,1.1428571428571428,32.57142857142857,63.85714285714285,1.7142857142857142,3.142857142857143,3.142857142857143,3.142857142857143,4.873270856990462,1887.5113968549188,51.26781005545939,27.74287617763303,6.997635581488396,0.8571428571428571,0.5714285714285714,0.5714285714285714,139.20200000000003,0.0413999999999999,27.63,3.0,1.0,0.0,2.0,6.011043433905771,4.9663264951887856,0.0,3.0,3.0,0.2857142857142857,11.42999999999995,0.207299999999998
387.47549999999967,387.0859773860005,1.9369000000000012,105.7,183.7108777755742,9.5,1.0,15.5,0.5,0.5,24.5,47.0,1.0,3.0,3.0,3.0,5.371899809207351,1229.0178436942992,38.48294542366069,20.556504965883107,5.570556469438019,1.0,0.0,0.5,139.20200000000003,0.0413999999999999,27.63,3.0,1.0,0.0,2.0,6.011043433905771,4.9663264951887856,0.0,3.0,3.0,0.0,60.07999999999996,1.014800000000004
441.4456363636365,441.0345746210916,1.8945272727272744,121.45090909090908,213.4889144792352,10.545454545454543,1.4545454545454546,18.454545454545453,0.7272727272727273,0.7272727272727273,28.545454545454547,56.09090909090909,1.4545454545454546,3.090909090909091,3.090909090909091,3.090909090909091,5.252621889328559,1569.8574518713483,45.59716797962041,24.412554243746943,6.1906166770403335,0.9090909090909092,0.0,0.7272727272727273,139.20200000000003,0.0413999999999999,27.63,3.0,1.0,0.0,2.0,6.011043433905771,4.9663264951887856,0.0,3.0,3.0,0.1818181818181818,60.07999999999996,1.014800000000004
506.2098000000008,505.77289130320094,1.8436800000000029,140.352,249.2225585236284,11.8,2.0,22.0,1.0,1.0,33.400000000000006,67.0,2.0,3.2,3.2,3.2,5.10948838547401,1978.8649816838083,54.13423504677208,29.03981337718356,6.93468892616311,0.8,0.0,1.0,139.20200000000003,0.0413999999999999,27.63,3.0,1.0,0.0,2.0,6.011043433905771,4.9663264951887856,0.0,3.0,3.0,0.4,60.07999999999996,1.014800000000004
585.3660000000013,584.8975005813344,1.7815333333333363,163.4533333333333,292.89701235566446,13.333333333333332,2.6666666666666665,26.33333333333333,1.3333333333333333,1.3333333333333333,39.333333333333336,80.33333333333333,2.6666666666666665,3.333333333333333,3.333333333333333,3.333333333333333,4.934547436318448,2478.7630736768137,64.56842812884634,34.695352318050524,7.844110563979836,0.6666666666666666,0.0,1.3333333333333333,139.20200000000003,0.0413999999999999,27.63,3.0,1.0,0.0,2.0,6.011043433905771,4.9663264951887856,0.0,3.0,3.0,0.6666666666666666,60.07999999999996,1.014800000000004
495.6474545454552,495.2598766036372,1.1715090909090926,151.68363636363634,242.6821277255228,12.0,2.1818181818181817,21.0,1.0909090909090908,1.0909090909090908,33.27272727272727,65.18181818181817,2.1818181818181817,3.4545454545454546,3.4545454545454546,3.4545454545454546,4.607584820835964,1925.413311298796,52.46200986235163,28.305868221745385,7.091852804822106,0.5454545454545454,0.0,1.0909090909090908,139.20200000000003,0.0413999999999999,27.63,3.0,1.0,0.0,2.0,6.011043433905771,4.9663264951887856,0.0,3.0,3.0,0.3636363636363636,60.07999999999996,1.014800000000004
457.1692941176474,456.7227648536479,2.322482352941179,116.71294117647058,222.6255757468477,10.588235294117649,1.4117647058823528,19.588235294117645,0.7058823529411764,0.7058823529411764,29.29411764705882,58.76470588235294,1.4117647058823528,2.9411764705882355,2.9411764705882355,2.9411764705882355,5.557737244349612,1660.5821152319886,47.8509503434623,25.52257393126687,6.191049966219011,1.0588235294117647,0.0,0.7058823529411764,139.20200000000003,0.0413999999999999,27.63,3.0,1.0,0.0,2.0,6.011043433905771,4.9663264951887856,0.0,3.0,3.0,0.2352941176470588,60.07999999999996,1.014800000000004
446.5878000000002,446.1250591224008,2.6390000000000025,107.096,217.11002395271203,10.2,1.2000000000000002,19.2,0.6000000000000001,0.6000000000000001,28.200000000000003,57.0,1.2000000000000002,2.8,2.8,2.8,5.819029160815864,1587.7535363136162,46.58290897576774,24.757168001385278,5.94332918560316,1.2,0.0,0.6000000000000001,139.20200000000003,0.0413999999999999,27.63,3.0,1.0,0.0,2.0,6.011043433905771,4.9663264951887856,0.0,3.0,3.0,0.2,60.07999999999996,1.014800000000004
441.3885714285717,440.9887687908579,1.3220571428571462,126.69714285714284,213.88036007713464,10.857142857142858,1.7142857142857142,19.0,0.5714285714285714,0.5714285714285714,28.57142857142857,56.428571428571416,1.7142857142857142,3.142857142857143,3.142857142857143,3.142857142857143,5.582331850364302,1551.9318367457724,46.086292909327376,24.602140291527256,6.132003620126943,0.8571428571428571,0.0,0.5714285714285714,139.20200000000003,0.0413999999999999,27.63,3.0,1.0,0.0,2.0,6.011043433905771,4.9663264951887856,0.0,3.0,3.0,0.2857142857142857,46.93999999999994,0.9040999999999926
472.2857142857147,471.862344469715,1.870314285714288,130.45142857142855,230.5049354527557,11.142857142857142,1.7142857142857142,20.142857142857142,0.8571428571428571,0.8571428571428571,30.85714285714285,61.28571428571428,1.7142857142857142,3.142857142857143,3.142857142857143,3.142857142857143,5.18446307796925,1764.622942258234,49.6624380115974,26.616010973954857,6.5449367956702265,0.8571428571428571,0.0,0.8571428571428571,139.20200000000003,0.0413999999999999,27.63,3.0,1.0,0.0,2.0,6.011043433905771,4.9663264951887856,0.0,3.0,3.0,0.2857142857142857,60.07999999999996,1.014800000000004
472.2857142857147,471.862344469715,1.870314285714288,130.45142857142855,230.5049354527557,11.142857142857142,1.7142857142857142,20.142857142857142,0.8571428571428571,0.8571428571428571,30.85714285714285,61.28571428571428,1.7142857142857142,3.142857142857143,3.142857142857143,3.142857142857143,5.18446307796925,1764.622942258234,49.6624380115974,26.616010973954857,6.5449367956702265,0.8571428571428571,0.0,0.8571428571428571,139.20200000000003,0.0413999999999999,27.63,3.0,1.0,0.0,2.0,6.011043433905771,4.9663264951887856,0.0,3.0,3.0,0.2857142857142857,60.07999999999996,1.014800000000004
472.2857142857147,471.862344469715,1.870314285714288,130.45142857142855,230.5049354527557,11.142857142857142,1.7142857142857142,20.142857142857142,0.8571428571428571,0.8571428571428571,30.85714285714285,61.28571428571428,1.7142857142857142,3.142857142857143,3.142857142857143,3.142857142857143,5.18446307796925,1764.622942258234,49.6624380115974,26.616010973954857,6.5449367956702265,0.8571428571428571,0.0,0.8571428571428571,139.20200000000003,0.0413999999999999,27.63,3.0,1.0,0.0,2.0,6.011043433905771,4.9663264951887856,0.0,3.0,3.0,0.2857142857142857,60.07999999999996,1.014800000000004
472.2857142857147,471.862344469715,1.870314285714288,130.45142857142855,230.5049354527557,11.142857142857142,1.7142857142857142,20.142857142857142,0.8571428571428571,0.8571428571428571,30.85714285714285,61.28571428571428,1.7142857142857142,3.142857142857143,3.142857142857143,3.142857142857143,5.18446307796925,1764.622942258234,49.6624380115974,26.616010973954857,6.5449367956702265,0.8571428571428571,0.0,0.8571428571428571,139.20200000000003,0.0413999999999999,27.63,3.0,1.0,0.0,2.0,6.011043433905771,4.9663264951887856,0.0,3.0,3.0,0.2857142857142857,60.07999999999996,1.014800000000004
424.538285714286,424.1450232525722,1.4616000000000036,112.59428571428568,209.61169390490863,10.0,1.7142857142857142,19.0,0.5714285714285714,0.5714285714285714,27.42857142857143,56.14285714285714,1.7142857142857142,2.571428571428571,2.571428571428571,2.571428571428571,5.835633849202085,1539.5774937765143,45.94584610030945,24.42702036021545,5.498211265993213,0.8571428571428571,0.0,0.5714285714285714,209.51599999999996,0.5592999999999999,52.6,4.0,0.0,0.0,1.0,8.658043322828295,5.287693700234703,1.0,0.0,0.0,0.2857142857142857,96.29999999999995,1.392499999999994
451.4277142857146,451.0141274845722,1.960114285714288,116.34857142857142,223.61487410489195,10.285714285714285,1.7142857142857142,19.857142857142858,0.8571428571428571,0.8571428571428571,29.42857142857143,60.14285714285714,1.7142857142857142,2.571428571428571,2.571428571428571,2.571428571428571,5.395322033510968,1727.2465489562098,48.80770548829376,26.08374818550019,5.899534248385148,0.8571428571428571,0.0,0.8571428571428571,209.51599999999996,0.5592999999999999,52.6,4.0,0.0,0.0,1.0,8.658043322828295,5.287693700234703,1.0,0.0,0.0,0.2857142857142857,109.43999999999996,0.3523000000000016
445.1411428571431,444.72684768342936,2.034914285714288,108.84,221.47389528441212,9.714285714285714,1.7142857142857142,19.0,0.8571428571428571,0.8571428571428571,29.142857142857142,59.28571428571428,1.7142857142857142,2.571428571428571,2.571428571428571,2.571428571428571,5.3999782197008805,1705.5306044247343,48.06347334954673,25.780426483554614,5.8313235087174125,0.8571428571428571,0.5714285714285714,0.2857142857142857,209.51599999999996,0.5592999999999999,52.6,4.0,0.0,0.0,1.0,8.658043322828295,5.287693700234703,1.0,0.0,0.0,0.2857142857142857,83.15999999999997,0.6141000000000014
433.398285714286,433.0006176160007,1.5276571428571462,116.94285714285712,213.1080280201585,10.285714285714285,1.7142857142857142,19.57142857142857,0.5714285714285714,0.5714285714285714,28.0,57.0,1.7142857142857142,2.571428571428571,2.571428571428571,2.571428571428571,5.634828541780994,1551.9258341758482,46.6135213269333,24.78688122421369,5.69361699405081,0.8571428571428571,0.0,0.5714285714285714,209.51599999999996,0.5592999999999999,52.6,4.0,0.0,0.0,1.0,8.658043322828295,5.287693700234703,1.0,0.0,0.0,0.2857142857142857,81.07999999999996,1.6236999999999937
460.2877142857146,459.8697218480008,2.0261714285714305,120.69714285714284,227.11120822014183,10.571428571428571,1.7142857142857142,20.428571428571427,0.8571428571428571,0.8571428571428571,30.0,61.0,1.7142857142857142,2.571428571428571,2.571428571428571,2.571428571428571,5.194516726089876,1739.5948893555435,49.475380714917605,26.443609049498438,6.094939976442745,0.8571428571428571,0.0,0.8571428571428571,209.51599999999996,0.5592999999999999,52.6,4.0,0.0,0.0,1.0,8.658043322828295,5.287693700234703,1.0,0.0,0.0,0.2857142857142857,94.21999999999996,0.1211000000000019
464.29542857142894,463.874193294858,2.0759142857142883,120.69714285714284,229.7326033957796,10.571428571428571,1.7142857142857142,20.71428571428571,0.8571428571428571,0.8571428571428571,30.285714285714285,61.85714285714285,1.7142857142857142,2.571428571428571,2.571428571428571,2.571428571428571,5.236959769385942,1764.61693968831,50.18966642920332,26.800751906641292,6.106550169594092,0.8571428571428571,0.0,0.8571428571428571,209.51599999999996,0.5592999999999999,52.6,4.0,0.0,0.0,1.0,8.658043322828295,5.287693700234703,1.0,0.0,0.0,0.2857142857142857,94.21999999999996,0.2952000000000029
454.0011428571431,453.58244204685786,2.1009714285714307,113.1885714285714,224.9702293996621,10.0,1.7142857142857142,19.57142857142857,0.8571428571428571,0.8571428571428571,29.714285714285715,60.14285714285714,1.7142857142857142,2.571428571428571,2.571428571428571,2.571428571428571,5.1991729122797885,1717.8789448240684,48.73114857617058,26.140287347552857,6.02672923677501,0.8571428571428571,0.5714285714285714,0.2857142857142857,209.51599999999996,0.5592999999999999,52.6,4.0,0.0,0.0,1.0,8.658043322828295,5.287693700234703,1.0,0.0,0.0,0.2857142857142857,67.93999999999997,0.3829000000000017
464.8588571428575,464.439697453715,1.9018857142857173,123.3342857142857,228.57222114285796,10.857142857142858,1.7142857142857142,20.71428571428571,0.8571428571428571,0.8571428571428571,30.285714285714285,61.28571428571428,1.7142857142857142,2.571428571428571,2.571428571428571,2.571428571428571,5.334126848329796,1721.515526470526,49.677411223828045,26.574210986980304,6.223680424166044,0.8571428571428571,0.0,0.8571428571428571,209.51599999999996,0.5592999999999999,52.6,4.0,0.0,0.0,1.0,8.658043322828295,5.287693700234703,1.0,0.0,0.0,0.2857142857142857,58.70999999999992,2.9334999999999933
491.74828571428606,491.3088016857152,2.400400000000002,127.08857142857144,242.57540134284125,11.142857142857142,1.7142857142857142,21.57142857142857,1.1428571428571428,1.1428571428571428,32.285714285714285,65.28571428571428,1.7142857142857142,2.571428571428571,2.571428571428571,2.571428571428571,4.893815032638679,1909.1845816502207,52.53927061181235,28.23093881226505,6.625003406557978,0.8571428571428571,0.0,1.1428571428571428,209.51599999999996,0.5592999999999999,52.6,4.0,0.0,0.0,1.0,8.658043322828295,5.287693700234703,1.0,0.0,0.0,0.2857142857142857,71.84999999999994,1.1886999999999976
495.7560000000004,495.31327313257225,2.4501428571428594,127.08857142857144,245.196796518479,11.142857142857142,1.7142857142857142,21.85714285714285,1.1428571428571428,1.1428571428571428,32.57142857142857,66.14285714285714,1.7142857142857142,2.571428571428571,2.571428571428571,2.571428571428571,4.936258075934743,1934.206631982988,53.253556326098064,28.588081669407902,6.636613599709326,0.8571428571428571,0.0,1.1428571428571428,209.51599999999996,0.5592999999999999,52.6,4.0,0.0,0.0,1.0,8.658043322828295,5.287693700234703,1.0,0.0,0.0,0.2857142857142857,71.84999999999994,1.0145999999999966
485.4617142857146,485.02152188457217,2.475200000000002,119.58,240.4344225223615,10.571428571428571,1.7142857142857142,20.71428571428571,1.1428571428571428,1.1428571428571428,32.0,64.42857142857143,1.7142857142857142,2.571428571428571,2.571428571428571,2.571428571428571,4.898471218828592,1887.468637118746,51.79503847306532,27.927617110319467,6.556792666890242,0.8571428571428571,0.5714285714285714,0.5714285714285714,209.51599999999996,0.5592999999999999,52.6,4.0,0.0,0.0,1.0,8.658043322828295,5.287693700234703,1.0,0.0,0.0,0.2857142857142857,45.569999999999936,0.9268999999999978
472.2857142857147,471.862344469715,1.870314285714288,130.45142857142855,230.5049354527557,11.142857142857142,1.7142857142857142,20.142857142857142,0.8571428571428571,0.8571428571428571,30.85714285714285,61.28571428571428,1.7142857142857142,3.142857142857143,3.142857142857143,3.142857142857143,5.18446307796925,1764.622942258234,49.6624380115974,26.616010973954857,6.5449367956702265,0.8571428571428571,0.0,0.8571428571428571,209.51599999999996,0.5592999999999999,52.6,4.0,0.0,0.0,1.0,8.658043322828295,5.287693700234703,1.0,0.0,0.0,0.2857142857142857,60.07999999999996,1.014800000000004
461.9914285714289,461.5705932217151,1.8953714285714305,122.94285714285714,225.7425614566382,10.571428571428571,1.7142857142857142,19.0,0.8571428571428571,0.8571428571428571,30.285714285714285,59.57142857142857,1.7142857142857142,3.142857142857143,3.142857142857143,3.142857142857143,5.146676220863097,1717.8849473939924,48.20392015856465,25.95554641486642,6.465115862851143,0.8571428571428571,0.5714285714285714,0.2857142857142857,209.51599999999996,0.5592999999999999,52.6,4.0,0.0,0.0,1.0,8.658043322828295,5.287693700234703,1.0,0.0,0.0,0.2857142857142857,33.799999999999955,1.1025000000000027
472.2857142857147,471.862344469715,1.870314285714288,130.45142857142855,230.5049354527557,11.142857142857142,1.7142857142857142,20.142857142857142,0.8571428571428571,0.8571428571428571,30.85714285714285,61.28571428571428,1.7142857142857142,3.142857142857143,3.142857142857143,3.142857142857143,5.18446307796925,1764.622942258234,49.6624380115974,26.616010973954857,6.5449367956702265,0.8571428571428571,0.0,0.8571428571428571,183.478,0.0250999999999999,52.6,4.0,0.0,2.0,0.0,8.563376623376623,4.125897657686229,1.0,0.0,0.0,0.2857142857142857,60.07999999999996,1.014800000000004
